fund_id,fund_name,category,risk_level,expense_ratio,returns_1y,returns_3y,returns_5y
f_0,Fund 0 Hybrid,Hybrid,Moderate,0.3805552977000738,11.102643057127732,5.355812401562218,12.333626796020692
f_1,Fund 1 Index,Equity,High,2.3555970966723403,32.746952476441095,14.708627235364876,9.537484087531492
f_2,Fund 2 Equity,Equity,Low,1.606499327371403,5.2360769794073025,23.35923603481125,7.815969478156044
f_3,Fund 3 Hybrid,Index,Low,0.9037734751770067,30.009404329108158,13.157372238583848,8.09236029807893
f_4,Fund 4 Hybrid,Hybrid,Low,0.4342529743921294,11.598420493556565,0.4329355037185252,7.8305503178839135
f_5,Fund 5 Index,Equity,Low,2.0056604542487104,-2.307751021180481,13.556821345761126,15.802620581202387
f_6,Fund 6 Equity,Index,Very High,1.5881746142284325,19.717498335441604,19.573051893165207,12.561340333685171
f_7,Fund 7 Equity,Hybrid,Low,1.3803066207431718,5.189483425251192,5.121736765444942,-8.64233180798568
f_8,Fund 8 Hybrid,Index,Very High,2.245342199322298,18.590004968994332,8.927862666616658,12.935404659178566
f_9,Fund 9 Debt,Debt,Very High,1.9926333069388737,7.6634493842141005,10.117505557833576,10.168417168312649
f_10,Fund 10 Hybrid,Equity,Low,0.46401971135860287,7.538165667852203,3.72081349534208,8.887747461324615
f_11,Fund 11 Hybrid,Debt,Low,0.8481329627093157,-6.895407309455308,15.186243470750872,6.668889281466685
f_12,Fund 12 Hybrid,Hybrid,Moderate,0.6963739355547177,7.476936807509233,9.032414811137748,15.744676319916081
f_13,Fund 13 Hybrid,Debt,High,1.8854711021744248,-6.822148302234218,13.356259551256223,14.685158772737147
f_14,Fund 14 Index,Debt,Low,0.18047784336587053,-3.839028234857233,2.900062577583199,4.362733993058345
f_15,Fund 15 Equity,Hybrid,Moderate,1.4677352436911597,19.604146561442974,6.500333597412716,11.442313722747212
f_16,Fund 16 Index,Index,Moderate,1.9299008457776572,19.858001586508323,15.77905086262217,3.170059592752284
f_17,Fund 17 Index,Debt,High,2.2042375282281985,17.20800651995284,7.017334783265865,0.7222910112664174
f_18,Fund 18 Index,Index,Very High,0.9209961969181779,9.695128807537928,23.81571080986724,5.239696652460209
f_19,Fund 19 Hybrid,Debt,Low,2.071017531212831,11.522886438580201,6.802910515083181,14.174360834296554
f_20,Fund 20 Debt,Index,High,0.36551616869249737,25.78333708219112,11.797477806015088,14.71875027225652
f_21,Fund 21 Equity,Hybrid,Low,2.1314855001628437,0.4163531080745724,17.460726654984718,12.078512520583757
f_22,Fund 22 Debt,Debt,Moderate,0.40597278959675775,27.033983017671506,-1.3469258634642536,13.350574721087984
f_23,Fund 23 Index,Hybrid,Moderate,1.0534894973448814,20.773622905756714,-4.086470495846207,12.09706972268975
f_24,Fund 24 Index,Debt,Very High,2.0135088778709287,7.860428098528449,-2.205250516560758,5.151110428662287
f_25,Fund 25 Debt,Hybrid,Moderate,0.45980182563705707,12.268858389945308,20.100672827417455,11.591535268043643
f_26,Fund 26 Debt,Hybrid,Moderate,0.6502033485583395,14.083828079475525,5.585134832860426,13.802457151366093
f_27,Fund 27 Debt,Debt,High,1.8334061641433592,-13.322571700011782,30.465594285346018,13.525747978881446
f_28,Fund 28 Index,Debt,Low,1.8280876877105785,9.528226174794032,5.486019210740891,16.13348022884786
f_29,Fund 29 Index,Debt,Low,1.6387543189247136,5.180157520022014,11.476410425576296,13.249823083206383
f_30,Fund 30 Equity,Equity,High,1.7654762667210402,5.5028928790752225,22.336879620543005,11.108689245249497
f_31,Fund 31 Equity,Index,Very High,1.4025386640342308,14.796809596771169,26.048743105272983,15.420901429898564
f_32,Fund 32 Index,Equity,Low,0.7043177413766866,29.976865268495224,26.492028613091183,8.84087244450564
f_33,Fund 33 Debt,Equity,Moderate,0.9296703844094066,18.4084286126701,19.66692984474514,3.708752092633693
f_34,Fund 34 Debt,Hybrid,Low,0.5358345203234216,6.288210102172032,18.1925002064917,8.021598216337416
f_35,Fund 35 Equity,Debt,Moderate,2.280281347200708,17.725827813561587,14.740215593609465,4.530584131161305
f_36,Fund 36 Index,Index,Very High,1.5001403074386892,26.839222496636175,16.226888609333102,4.948930350153711
f_37,Fund 37 Equity,Hybrid,High,1.0620434002327357,30.51264014573286,5.590514269371733,8.132887975706893
f_38,Fund 38 Equity,Equity,Low,1.2088139287459185,12.59630369920174,3.4544089326215426,4.2454804740002325
f_39,Fund 39 Hybrid,Debt,High,2.3734800150683566,0.8376032243280171,9.973004340712384,7.152230822165759
f_40,Fund 40 Hybrid,Hybrid,Low,0.46804336747859243,18.9822331361359,8.638523019800573,-2.3616880017227135
f_41,Fund 41 Hybrid,Debt,Moderate,1.5069515968403133,15.934853854217497,6.374175605381799,10.27976224423763
f_42,Fund 42 Debt,Hybrid,High,1.3141328293227184,26.41652531543538,15.571099579653723,9.007232852173345
f_43,Fund 43 Index,Debt,Low,1.5674901650431547,18.351718016819696,17.642441668564086,4.097468213590856
f_44,Fund 44 Index,Equity,Moderate,0.14346444117001722,22.49552715319335,10.70725509033478,12.95547401059443
f_45,Fund 45 Index,Index,High,2.1930973814659636,5.6183437805998535,21.820240648442095,14.62542082575935
f_46,Fund 46 Index,Equity,High,2.3370838779606697,35.77083018737974,0.8664870869319596,-0.6453591862138452
f_47,Fund 47 Hybrid,Index,Low,1.4563196406141015,13.975996046923996,8.450724325762256,4.423651328602714
f_48,Fund 48 Debt,Debt,Low,1.7719619773045414,32.75260872625265,4.265421435177561,4.385145901276211
f_49,Fund 49 Debt,Hybrid,Low,2.3139985148255096,5.108121819104321,-4.93229293658448,3.360581393346812
f_50,Fund 50 Hybrid,Equity,Moderate,1.7973727223521567,29.359638031652494,9.338554513258407,13.976849051590492
f_51,Fund 51 Debt,Index,Low,0.46609370299422725,13.979107834626477,9.026019932933732,7.837043167363179
f_52,Fund 52 Hybrid,Equity,High,1.4830920644003516,17.448396729696107,22.107597945937048,7.412910952136335
f_53,Fund 53 Index,Index,High,1.5561161113188542,5.3278587205400445,15.04649347643822,-3.023174186440521
f_54,Fund 54 Hybrid,Equity,Low,1.1179136111257264,8.796526918056799,1.8065054053663605,12.812508181255359
f_55,Fund 55 Index,Index,Low,1.8674661654993348,16.241659464019165,24.832740530673505,1.5644496308791647
f_56,Fund 56 Index,Index,Very High,2.3424808354456355,16.480569200812095,19.768269564202825,9.35959578159797
f_57,Fund 57 Equity,Debt,High,2.321364430976263,12.56093939551322,14.656781627748927,10.66426162774915
f_58,Fund 58 Hybrid,Index,Moderate,1.182014491369917,11.756454077390172,8.188127209201344,17.163951575031906
f_59,Fund 59 Equity,Debt,Very High,0.3717713100178126,33.48705033717106,2.324486106212162,1.147077605285327
f_60,Fund 60 Hybrid,Index,Low,2.463618877509603,29.275431701007115,7.022345791431576,-9.117072934924952
f_61,Fund 61 Hybrid,Hybrid,Low,2.113355407470242,16.363236696740323,18.709988957633488,10.10309726852217
f_62,Fund 62 Equity,Hybrid,High,0.39919043488784045,14.152978692020811,25.07669044747687,19.803067089065124
f_63,Fund 63 Equity,Hybrid,Low,2.3100205182816937,13.200313267182613,22.345948226177512,16.433678117636624
f_64,Fund 64 Hybrid,Index,Moderate,2.187751268949108,18.135179727304166,6.089204625709807,10.257956491647754
f_65,Fund 65 Debt,Debt,High,1.3452113371025731,3.899016450727996,1.0430605336879104,6.050182886207716
f_66,Fund 66 Index,Debt,Low,1.5190610457878302,9.426234625766549,11.127089975289632,13.842735579823863
f_67,Fund 67 Equity,Index,High,1.0576064892883126,-12.284206519764176,-4.147514924502813,3.1587228017731883
f_68,Fund 68 Index,Hybrid,Low,0.2314279331728752,15.992231226052793,12.585341713478252,11.858146616137315
f_69,Fund 69 Debt,Hybrid,Low,0.9044733799501622,18.471959397027412,8.81917930961065,12.03282095499976
f_70,Fund 70 Debt,Debt,Low,2.0268482766352274,7.16813537700626,6.2717079850540625,15.361259444993278
f_71,Fund 71 Debt,Hybrid,Moderate,0.11111685521104686,27.739867632900328,-2.7576245381343636,25.557960233466467
f_72,Fund 72 Equity,Equity,Moderate,0.900398012058746,-0.257656630023412,14.108800852557732,11.354495803072602
f_73,Fund 73 Debt,Debt,High,1.0556048646182639,-0.7129375325693879,5.738393282704709,5.9462182457550075
f_74,Fund 74 Equity,Hybrid,Low,1.389749447051015,14.24451818559972,0.6406653143176957,8.846554126848034
f_75,Fund 75 Debt,Debt,Low,2.307653479390625,22.470983026121544,-12.978097706253195,-1.6144554293347095
f_76,Fund 76 Index,Equity,Moderate,0.9312303864783069,28.839276914578686,9.77988075959491,4.83172121346565
f_77,Fund 77 Index,Debt,Low,0.9326876845509464,7.411157371310599,24.178012773357953,6.544305371321376
f_78,Fund 78 Hybrid,Debt,Moderate,1.870002995463396,22.78680833431296,23.29007371638296,5.8554696123924455
f_79,Fund 79 Index,Debt,Low,1.1853230581355372,11.614915304992929,6.343229947309825,9.914129232202331
f_80,Fund 80 Hybrid,Debt,High,0.6390515750559567,8.825088130270935,5.182303517105756,4.065480405706797
f_81,Fund 81 Index,Equity,Low,1.1858548387184642,20.836599374866722,13.75019404860019,15.726184003946829
f_82,Fund 82 Equity,Index,Low,0.43805684891151964,18.523228784134197,2.012916486493668,9.001242389509182
f_83,Fund 83 Index,Debt,Very High,0.523328767614936,-4.229535681841355,12.414335198555728,8.944198073168314
f_84,Fund 84 Hybrid,Debt,Moderate,1.2960826545747515,26.76540349725896,16.12864222707752,7.032631700922493
f_85,Fund 85 Hybrid,Hybrid,Low,1.1054210788109151,25.800913541474515,19.81546579107446,9.931144103153875
f_86,Fund 86 Debt,Debt,Low,2.29563016256344,5.744372984904706,9.198767388160377,13.950589588005808
f_87,Fund 87 Equity,Hybrid,Very High,0.9697453578799194,25.17619535171816,8.370609998584273,3.797218705734598
f_88,Fund 88 Index,Index,Very High,1.4934120406673044,12.657767391431108,2.9761393059475116,5.05130106554846
f_89,Fund 89 Debt,Equity,Moderate,1.6174342910068729,14.606737658239071,3.3849571676811196,7.177643827340012
f_90,Fund 90 Index,Equity,Very High,0.13142669581200073,12.562974395285686,8.188168864787785,0.9247744591607105
f_91,Fund 91 Index,Index,High,1.6924896928401054,5.888951668960442,12.938924054529425,4.0844528416710135
f_92,Fund 92 Debt,Equity,Very High,0.5272863204874034,12.345658447606375,17.308677009865995,6.142674758732046
f_93,Fund 93 Debt,Index,High,2.4065687619266924,29.679149672852205,3.5745683945572413,14.246335084276366
f_94,Fund 94 Debt,Index,Moderate,0.4567905466074711,17.436001545944322,21.941508551676172,10.57536797401155
f_95,Fund 95 Debt,Index,Moderate,1.095097896944857,8.29385667913894,7.831011191659449,10.161539468205266
f_96,Fund 96 Debt,Equity,Moderate,0.30483920338874526,19.716987106483447,9.82906164521251,14.105387773007834
f_97,Fund 97 Index,Hybrid,Moderate,2.4924982044302735,-16.485426206300755,4.022306566817413,8.17576926960362
f_98,Fund 98 Debt,Index,Moderate,1.3052680247949822,23.487657003721033,-9.393922082183533,11.342789099573338
f_99,Fund 99 Equity,Debt,High,1.5289240415681051,-1.696881314936543,17.072363170888398,8.380669482405022
f_100,Fund 100 Hybrid,Equity,High,0.26098354573222593,13.228655572066334,15.894751176739467,10.59217409639777
f_101,Fund 101 Debt,Index,Moderate,1.8999051289580267,0.8033010537385614,7.749379543054292,5.503448054330508
f_102,Fund 102 Debt,Index,Very High,0.6037734234294058,5.894108545455247,10.535925737798975,-5.632902949658575
f_103,Fund 103 Index,Debt,Low,2.255330294657713,23.608267873785195,14.127513741632796,8.194325026882176
f_104,Fund 104 Debt,Hybrid,Moderate,0.5923351371568172,7.3229879868810865,-2.5003668550923415,17.53648881659964
f_105,Fund 105 Debt,Hybrid,Very High,0.5576505295927997,15.808496901390543,5.767578581229642,14.557292413449554
f_106,Fund 106 Debt,Hybrid,Low,0.1877192028354277,11.530794211208159,16.35411743697462,14.792384907547024
f_107,Fund 107 Index,Index,Moderate,1.2329606682639982,16.770408272231215,-0.034315385353995254,16.41678433083731
f_108,Fund 108 Debt,Index,Moderate,1.4556187198302795,12.768218910602554,12.348463457333034,9.531945545768625
f_109,Fund 109 Hybrid,Index,High,0.25770073462804566,-1.8911059144244486,-0.8526544369872404,10.183894244433574
f_110,Fund 110 Index,Equity,Low,1.9612662800680254,21.962668194471398,13.73143985946821,5.294088627393899
f_111,Fund 111 Hybrid,Debt,Low,1.1878932033952663,7.062434168386875,9.714868141620132,7.103562863837702
f_112,Fund 112 Index,Index,Very High,1.358536646386192,-6.9915716193865,-2.9210545272440758,12.694626898626849
f_113,Fund 113 Debt,Debt,High,1.1578305926517476,5.591795740446099,19.31791483565737,16.223306623012895
f_114,Fund 114 Hybrid,Debt,High,1.0618313461007824,43.75307003288673,4.123267385615606,8.163322345914002
f_115,Fund 115 Index,Hybrid,High,1.443136795139723,28.72561532481886,3.517980503884952,6.298864410891531
f_116,Fund 116 Equity,Equity,High,0.47257659023371,3.7581068248813008,11.604553577847543,9.003167753139584
f_117,Fund 117 Debt,Index,Low,0.5366275131886507,8.507422956815713,19.18909879542972,12.60724049357469
f_118,Fund 118 Index,Hybrid,Low,2.1682854904324413,8.783649487826175,1.8734254481728243,0.33687110319874947
f_119,Fund 119 Equity,Hybrid,Moderate,2.3706771091207184,32.76747983560841,10.493438798783773,-4.777085718823429
f_120,Fund 120 Index,Index,Moderate,0.995942359071407,15.819354522315534,13.430532002644583,5.6967789030504985
f_121,Fund 121 Equity,Debt,High,0.749787215544529,11.688126688192847,15.544844858105153,1.6757254445150487
f_122,Fund 122 Debt,Hybrid,High,1.6455989037736378,26.71216484891088,11.411532442217801,5.951158814116135
f_123,Fund 123 Hybrid,Debt,High,1.0809620106354314,19.12421557715497,7.063777287333421,8.113318087095172
f_124,Fund 124 Equity,Equity,Moderate,0.16092725358482768,9.40957854179297,3.3792782348102426,6.28050954586192
f_125,Fund 125 Index,Debt,Very High,0.47476623367885684,14.780920685737039,10.689151064370998,17.714805206824472
f_126,Fund 126 Debt,Equity,Very High,1.8183333492337541,12.009208438090871,1.4228879041151448,10.96046858761392
f_127,Fund 127 Equity,Debt,Moderate,1.6814174605843633,11.627777634901584,-13.370803867956859,10.80284615766497
f_128,Fund 128 Index,Hybrid,Moderate,0.1650303820083604,19.2762954363698,13.492478433261343,12.733242864260411
f_129,Fund 129 Index,Hybrid,Moderate,0.6327331886390786,12.519458858072994,17.231478728689563,2.1670012933153853
f_130,Fund 130 Index,Equity,Moderate,0.6545795118113713,19.326400772155793,-8.903459484334707,15.234670724521612
f_131,Fund 131 Equity,Index,Moderate,1.7125425846369482,11.192834198914177,1.9221543623204997,8.545414280787242
f_132,Fund 132 Equity,Equity,Moderate,0.14730529061047398,12.786351903160906,14.953234088041583,13.022883703447276
f_133,Fund 133 Equity,Equity,High,0.3498605967629772,-6.609278145335578,26.45996375769359,2.5688566017590677
f_134,Fund 134 Hybrid,Debt,High,2.019798604895654,24.802674367821602,10.166349661403263,-0.3225525960963864
f_135,Fund 135 Equity,Debt,High,0.5285071889304007,17.89434979044658,4.175976470166924,13.907337948150172
f_136,Fund 136 Equity,Equity,High,1.6665906588444994,12.883599234858846,8.536828471161279,11.258457156585099
f_137,Fund 137 Equity,Hybrid,Moderate,0.6716386745121437,-16.962553781936894,20.99901135318548,3.5876906738549375
f_138,Fund 138 Hybrid,Debt,Very High,0.33865934262242836,33.73474889493131,4.832286567003718,3.782021512351834
f_139,Fund 139 Equity,Index,Low,0.6836132583986898,10.604103718448263,3.6064639467979713,15.752608706488616
f_140,Fund 140 Index,Debt,Moderate,1.833440636453582,23.081828167375164,6.138051822543741,1.863528642796033
f_141,Fund 141 Equity,Debt,Low,2.1536715234550856,1.6009407287446908,2.373371133930301,18.85603771953578
f_142,Fund 142 Index,Index,Very High,2.0925276749607797,15.870706879324128,10.981362527958364,3.5962755921127876
f_143,Fund 143 Index,Equity,High,1.0532404710842915,4.341901462805998,22.997427667756483,12.830351553650297
f_144,Fund 144 Index,Index,Very High,1.7034043277695508,22.688605406058997,12.584634184928232,7.0282891455060925
f_145,Fund 145 Hybrid,Equity,Moderate,0.5919623089979703,31.14031353866786,7.981171982989699,12.619124586494058
f_146,Fund 146 Hybrid,Equity,High,0.8035545526264318,13.930584319738056,7.665509848675647,5.735315987314845
f_147,Fund 147 Hybrid,Equity,Moderate,2.2512059644506874,14.174328731797228,-2.5055264695732564,8.023242563566235
f_148,Fund 148 Equity,Index,High,0.13120461642576647,21.133028876025552,17.064878217177274,9.245515052374326
f_149,Fund 149 Index,Equity,Low,0.3052204740507234,16.956818879726047,9.377302423897584,2.9868752653111637
f_150,Fund 150 Hybrid,Hybrid,Low,0.5989270123504655,13.504189051435764,8.556160691274995,13.444946072520755
f_151,Fund 151 Hybrid,Index,Low,0.16367728929716732,15.649610024662255,35.54486054275888,5.920718601170488
f_152,Fund 152 Equity,Hybrid,Very High,0.5354450442155135,42.643163362269014,12.390023266925489,7.628400507959888
f_153,Fund 153 Hybrid,Equity,Moderate,1.4992997463272613,11.423812029664147,3.9856715992385254,3.0339037523489267
f_154,Fund 154 Equity,Debt,Very High,1.1114189214219952,18.424429903195737,6.589139230355654,-6.374001952771863
f_155,Fund 155 Debt,Equity,Low,2.2424121065847396,22.506543960076122,19.18756567357404,7.853833424398986
f_156,Fund 156 Hybrid,Hybrid,Moderate,2.061864548172258,23.05525932957984,10.906163284302115,23.475692529677495
f_157,Fund 157 Debt,Hybrid,Low,0.9203616440749023,23.870303055603802,-1.5062238265389336,13.707625727388143
f_158,Fund 158 Equity,Index,Very High,0.722616240235102,22.487774672551055,17.353831476601627,8.884437721593633
f_159,Fund 159 Index,Debt,Very High,1.0112617796014405,5.60420383877352,4.654847315688048,7.422655024750394
f_160,Fund 160 Hybrid,Index,Very High,1.5167078620355385,40.617033147158665,24.986382209740363,9.134795356872278
f_161,Fund 161 Equity,Hybrid,Low,0.743352737974903,0.5365460698131201,18.640384525717188,12.28271469105126
f_162,Fund 162 Index,Equity,Moderate,1.5979573788379218,15.026354652390332,6.42142483472999,1.9151231081469309
f_163,Fund 163 Index,Debt,Moderate,1.082587965258977,4.457241499806421,20.248130893880905,15.685930168013233
f_164,Fund 164 Debt,Equity,Low,1.4249132340447526,11.358616534070075,10.542844084219226,13.292287892647465
f_165,Fund 165 Equity,Equity,Moderate,1.1467036699247601,15.287624103034805,16.822189400977756,13.309114354247606
f_166,Fund 166 Index,Debt,Low,0.8067178229006023,15.213572154502732,13.877862538355798,11.630854432858364
f_167,Fund 167 Hybrid,Index,Moderate,2.376287936709176,16.219207542352848,3.2291467600730117,9.11769994616394
f_168,Fund 168 Hybrid,Equity,High,1.932653905983426,24.48267051395689,4.851601341460304,13.03716741580092
f_169,Fund 169 Debt,Hybrid,High,0.4362716218394861,20.90350339919707,18.239686540649288,12.550884802448268
f_170,Fund 170 Index,Equity,Very High,2.184323142154991,6.92652799718582,7.321797343147673,6.875755734353858
f_171,Fund 171 Equity,Debt,High,1.2698348757988327,26.418434914594812,6.770812294064026,5.558389362618595
f_172,Fund 172 Hybrid,Debt,High,2.2469253445458195,21.301272331815934,2.3590193652051763,9.61113777157192
f_173,Fund 173 Index,Debt,High,2.0196526142735562,-0.36291221939534646,13.38879252474769,18.294120908971124
f_174,Fund 174 Index,Index,Low,1.1205124107261604,17.97400069849858,26.50019935394516,1.5653575460765943
f_175,Fund 175 Debt,Equity,High,0.15392633996828176,19.53627785191945,1.459736685965817,0.19484840548535942
f_176,Fund 176 Hybrid,Index,High,0.7448256625238705,15.903448563123625,10.193755653382064,9.988565047419101
f_177,Fund 177 Hybrid,Index,Very High,1.3999221151860806,32.349340352828264,21.297764443323434,9.305326211136109
f_178,Fund 178 Equity,Debt,High,1.6203477275827536,6.27085724744281,9.362868870034278,10.04004998622245
f_179,Fund 179 Hybrid,Debt,High,0.7189304450396854,15.530435089714667,13.618974369997872,10.463719187451002
f_180,Fund 180 Equity,Index,Moderate,0.4344545777747779,10.269281757161304,1.5008517748249623,7.66078647219117
f_181,Fund 181 Hybrid,Equity,Very High,2.103832568318318,10.607891202068814,13.426456777661189,17.939180631612494
f_182,Fund 182 Debt,Hybrid,Very High,2.462565233688525,-3.2552754223286904,8.50284587996361,-0.6054238708590933
f_183,Fund 183 Hybrid,Index,Very High,1.361656437526446,-1.485594078064795,17.885839965438905,4.029017851318524
f_184,Fund 184 Equity,Equity,Very High,0.5120302860359284,28.402636689970624,19.49908841251801,8.380471439105715
f_185,Fund 185 Equity,Debt,Very High,0.7535375836464855,17.663968948544337,30.71650913614891,-0.8591328669250036
f_186,Fund 186 Debt,Debt,Very High,0.14413762371392017,6.250875632240409,14.637065385708606,7.944873573407573
f_187,Fund 187 Hybrid,Equity,Low,2.2943171357451977,-9.533901136037148,12.606370532657332,18.96882099436811
f_188,Fund 188 Hybrid,Hybrid,High,0.38260259893633874,0.7222950193337914,11.555074412618689,9.125318929775771
f_189,Fund 189 Debt,Debt,Very High,1.4836395412342085,-2.0547679549296944,7.174669657514493,10.3842054343121
f_190,Fund 190 Hybrid,Debt,High,0.7577325296492944,35.52706807851068,12.70787074769353,1.439011408964518
f_191,Fund 191 Hybrid,Debt,High,1.4300272060379042,34.54038475777597,7.636788718887765,5.301831551763135
f_192,Fund 192 Equity,Equity,Low,1.6634089320444743,5.118496548222762,11.347687810156915,6.748821718056378
f_193,Fund 193 Hybrid,Index,Very High,2.0913803288972836,28.594441492253296,20.54078028486368,7.093709419462596
f_194,Fund 194 Hybrid,Debt,Moderate,0.5954110522254477,21.81765486991594,1.9476594777628708,16.689862770022614
f_195,Fund 195 Debt,Index,Low,0.12638998878035315,8.751686164913774,19.119028489032363,12.346146364350748
f_196,Fund 196 Debt,Hybrid,Moderate,0.42852551216513746,-12.994057148735731,20.536920538718924,2.331252258377808
f_197,Fund 197 Index,Debt,High,2.2600447404354522,27.509803800212193,9.05545178407137,10.47902867059203
f_198,Fund 198 Equity,Debt,High,2.1973361861500367,9.45910120922295,-6.974839192068757,11.989330490980711
f_199,Fund 199 Hybrid,Hybrid,Low,1.53379144520874,-4.4539874695689186,5.13742410324454,15.8408942311276
f_200,Fund 200 Hybrid,Debt,Low,1.541240465040768,22.225704320096405,20.375956372488872,18.48324411941024
f_201,Fund 201 Index,Index,Moderate,1.6960880189110132,36.39752406339273,9.817055501608943,2.909434849032788
f_202,Fund 202 Hybrid,Equity,Very High,0.520891068696279,29.7907990719597,2.005582141640714,4.134854932737971
f_203,Fund 203 Equity,Index,Moderate,2.2945886702199036,17.639091200523595,5.9618006301742605,1.4545328465123024
f_204,Fund 204 Index,Equity,Low,1.1050492597409756,17.94754341665286,16.724960212036425,7.595880845358112
f_205,Fund 205 Equity,Equity,Moderate,1.0195324677987938,20.534155587803077,14.373868545611035,11.798150246678007
f_206,Fund 206 Index,Index,Low,1.3454024926788102,19.58928589786765,8.088543206642445,14.924007099534611
f_207,Fund 207 Index,Index,Moderate,0.2127183202601321,14.811914239693758,7.0654047054825,8.544293858144863
f_208,Fund 208 Debt,Index,Low,0.49908008501459056,13.04201103951876,6.865934807649425,7.080914860470936
f_209,Fund 209 Equity,Index,Low,1.871280679423289,11.374068721004775,2.6207185240119797,9.910547953492442
f_210,Fund 210 Hybrid,Hybrid,Low,0.2987168030203035,4.4603541113332374,22.923005515755534,3.9891425902198616
f_211,Fund 211 Hybrid,Debt,Very High,1.5475650627193318,6.851785571950428,7.4214362463092804,21.537232330168642
f_212,Fund 212 Equity,Equity,Moderate,0.6888378632351703,-4.929568141953855,19.73726816660397,-0.6459661627083513
f_213,Fund 213 Hybrid,Index,Moderate,1.0343094737007437,11.0166037320525,22.17052841537961,10.108443473374347
f_214,Fund 214 Hybrid,Index,Moderate,0.7928649682496797,2.114088928490826,17.986487185183684,21.141637315377835
f_215,Fund 215 Equity,Index,Low,0.9536145195158778,0.96410682784229,6.547037498255612,9.040799067359986
f_216,Fund 216 Index,Hybrid,Moderate,1.8257101724421891,13.798941511534785,13.229840722692876,7.859765789991033
f_217,Fund 217 Equity,Index,Moderate,0.81309211749562,25.920022863445993,9.806435148872671,6.855327463137437
f_218,Fund 218 Index,Index,Low,1.4593711367125533,21.18316606002313,2.770385114158975,7.917649909425553
f_219,Fund 219 Hybrid,Index,High,1.2425209652778393,0.9681393943804064,12.594874253772824,17.237090848059182
f_220,Fund 220 Hybrid,Debt,Low,1.6928107968703556,2.1037186342966248,0.5676816707215799,-4.271171467977041
f_221,Fund 221 Hybrid,Hybrid,Moderate,2.3483913743794194,21.407711879882157,19.501435107692508,18.200602207777955
f_222,Fund 222 Debt,Index,Low,1.8581730333046007,2.1751260646169044,6.283061621612855,0.45625708529912856
f_223,Fund 223 Index,Equity,High,0.6158569086178162,-1.4250701950546354,11.609277246982714,7.400086024593511
f_224,Fund 224 Debt,Equity,Low,0.1748395241470832,17.50052099024552,12.266302972369138,6.424533478208029
f_225,Fund 225 Debt,Equity,Moderate,0.7294337063195802,2.316555451363648,7.928760210367381,12.53131961862432
f_226,Fund 226 Equity,Hybrid,High,1.5281870336806116,15.070632594445403,14.693550411802198,-0.5887461113024859
f_227,Fund 227 Debt,Hybrid,Very High,0.22342195236220083,2.2988509150333813,6.200770747019805,11.773035996491657
f_228,Fund 228 Equity,Equity,Moderate,1.2912789932829674,5.986323560487863,16.97037837965795,21.145857739721116
f_229,Fund 229 Equity,Index,High,1.5324228374005342,21.819170039114518,-0.7678374419739882,0.8209559724431372
f_230,Fund 230 Debt,Hybrid,High,0.9021853379607059,-6.999417096779381,11.011036636371294,10.138237005662374
f_231,Fund 231 Index,Equity,Very High,1.9501892889899726,18.833183186620786,25.511431992466278,5.028106933220346
f_232,Fund 232 Index,Equity,Low,0.35583580752105237,11.803622010733188,1.9973494031554022,11.555323237158214
f_233,Fund 233 Index,Index,Low,0.28033067616594104,17.524899544171475,4.578040235801188,9.114886664494513
f_234,Fund 234 Index,Debt,Moderate,1.847653014888648,14.239141340646615,14.11126279727132,5.151078545734142
f_235,Fund 235 Index,Hybrid,Very High,1.2891791588948764,23.0142811694405,11.436654255516784,11.927233709226444
f_236,Fund 236 Debt,Index,Low,1.7521657514265665,13.252245026479073,12.805040794188473,19.826088658720458
f_237,Fund 237 Debt,Equity,Very High,1.143585612648991,10.982863367119055,13.913497041181309,7.854577249636208
f_238,Fund 238 Hybrid,Equity,Low,0.6913648797738563,13.222975030322837,15.07777174849416,13.318547652889091
f_239,Fund 239 Index,Index,High,2.065845562418079,14.956248678548759,18.877598735649784,1.2403622527730178
f_240,Fund 240 Debt,Hybrid,Low,2.0185981095255503,12.488600703257044,13.2785492554281,3.2613817390919477
f_241,Fund 241 Hybrid,Debt,Very High,1.7672715300506243,12.36541271623772,8.06993876305166,11.834437667282264
f_242,Fund 242 Index,Debt,High,0.7531483293519105,2.0010061479813013,15.38058960962185,17.90469617121579
f_243,Fund 243 Equity,Equity,High,1.5165536004858091,10.626672033608804,25.199055479161725,11.13368009271396
f_244,Fund 244 Hybrid,Hybrid,High,0.9663373526560642,4.266202865286392,8.938930028939412,7.121651816861074
f_245,Fund 245 Debt,Debt,Very High,0.319796975983922,30.322664582082325,2.2037655626348682,8.995748432540125
f_246,Fund 246 Equity,Hybrid,Moderate,2.301552581109383,-0.43863235391285116,18.856645354295782,1.497553596181695
f_247,Fund 247 Equity,Hybrid,Moderate,0.42836471420550737,5.070948022040927,9.036950688371213,12.627091958132201
f_248,Fund 248 Equity,Equity,Moderate,2.3805696491699257,4.815927344308026,-7.381356368112289,14.293998373940454
f_249,Fund 249 Hybrid,Debt,Very High,1.170413855099094,23.140433744244557,16.779373417203374,6.287458003001518
f_250,Fund 250 Debt,Index,High,0.5443190292126872,3.8075461439120017,5.717374512368618,6.179747113442991
f_251,Fund 251 Equity,Equity,Moderate,1.4005622737080596,24.47742072673734,9.275733741566714,10.595269377912292
f_252,Fund 252 Index,Debt,Very High,2.19507000610338,5.76671051752738,12.655842644552116,6.379681583756427
f_253,Fund 253 Equity,Debt,Moderate,1.8573397273829468,14.78994162223802,11.52399743823253,8.603204312245065
f_254,Fund 254 Equity,Debt,Low,2.0357467548674792,3.646529467402427,15.675614537112317,21.59833073499909
f_255,Fund 255 Hybrid,Debt,Moderate,1.6810800801057217,33.45149127773388,6.516109035441254,7.517845795524019
f_256,Fund 256 Hybrid,Debt,Moderate,1.761463754842846,0.12401580970487203,14.104846385408662,6.849959087872667
f_257,Fund 257 Debt,Hybrid,High,2.1380695637567664,16.84718401706155,7.923626579328662,5.1147491661890445
f_258,Fund 258 Index,Equity,Very High,0.6992032212620463,33.44173426447086,15.910483847100025,13.46515182899962
f_259,Fund 259 Hybrid,Hybrid,High,1.2746199127435371,12.578155845644167,14.922939872104427,7.912654960691382
f_260,Fund 260 Equity,Index,High,0.6309026603670453,19.468009604985106,2.5164903836432373,5.1037617700714435
f_261,Fund 261 Debt,Debt,High,2.4704032191919527,17.686086869994778,18.687856929400258,16.927824193638074
f_262,Fund 262 Equity,Equity,High,2.3657424152478717,15.841296742241779,5.712292439087616,17.517618027081824
f_263,Fund 263 Equity,Debt,High,0.19462434728441416,21.32308240469078,16.46446238624916,5.397458605567769
f_264,Fund 264 Hybrid,Equity,Moderate,1.7933804140376524,21.638791167949098,12.938298507210725,-2.199239708163697
f_265,Fund 265 Debt,Hybrid,High,2.320595961797598,37.96575737894783,24.70546941436098,15.045082139021533
f_266,Fund 266 Index,Equity,High,0.5333808283056005,10.370878128261307,8.212272141025183,4.892221045439976
f_267,Fund 267 Index,Index,Very High,1.4630685533263108,0.03636693912149602,7.20546563105442,13.743753594976612
f_268,Fund 268 Hybrid,Index,Low,2.2971719142113005,11.117179516487452,9.84464315289814,-2.820622906271012
f_269,Fund 269 Hybrid,Equity,Moderate,0.1814703486059172,37.79709337654319,7.574561737325796,14.355584029795855
f_270,Fund 270 Debt,Equity,Moderate,1.773808641392416,3.963254320302692,16.3995352155364,1.7329684243153132
f_271,Fund 271 Index,Equity,Moderate,0.8136376176941218,28.391168054440676,-2.9304848674927033,13.384584714399146
f_272,Fund 272 Index,Equity,High,2.318550868903673,36.89485255285754,1.5705406468291674,9.085638407018605
f_273,Fund 273 Index,Index,High,2.4305397883968825,13.946463751974473,1.4575766273664552,3.2763634836201305
f_274,Fund 274 Equity,Debt,High,2.3662395738722415,16.56144435437169,17.602460735788604,6.557782122439317
f_275,Fund 275 Index,Equity,Very High,1.238114119977913,23.687730258291545,23.684906980655402,13.117910741740204
f_276,Fund 276 Equity,Equity,Low,2.1689023623743524,8.208722590125129,9.164406251700228,9.635366718691404
f_277,Fund 277 Debt,Index,High,2.126918556484169,10.949293211998096,8.649426214479915,12.506477882834906
f_278,Fund 278 Equity,Index,Low,0.8658411357838135,6.183190860513562,10.560417304905451,20.858643507092914
f_279,Fund 279 Debt,Hybrid,Very High,2.0893971379616256,-0.14776012891690016,19.295026420865526,-0.3854496702663077
f_280,Fund 280 Index,Equity,Moderate,0.1888183233171823,5.507224549339929,2.5811749264754074,18.70327544981174
f_281,Fund 281 Index,Hybrid,High,1.5310477083569274,1.4429744593006593,11.90695186187828,9.626135625139277
f_282,Fund 282 Debt,Index,Low,0.6520212094904873,12.340834682592261,17.80158103825944,3.607295710061231
f_283,Fund 283 Hybrid,Index,Low,0.3893605258654691,4.300267689413582,14.008753359518762,1.0181182455660611
f_284,Fund 284 Debt,Debt,High,0.28468768391010196,22.525049791328172,11.516652932789947,7.865277655337799
f_285,Fund 285 Hybrid,Equity,Moderate,1.7710930621075354,-3.5589564620362726,18.00836874053713,14.529900671546756
f_286,Fund 286 Equity,Hybrid,Moderate,0.9156999130433587,15.30880232214457,-11.625858343993897,8.234705277734795
f_287,Fund 287 Equity,Index,Moderate,1.8394402516690276,20.33528961608925,15.423002556247262,18.066929581484086
f_288,Fund 288 Equity,Index,Very High,0.2568552179174617,-8.223864701148504,4.7673945349806095,0.2929458596906471
f_289,Fund 289 Index,Hybrid,Low,0.8566968107934647,15.740565698475722,-4.645063174851655,8.927466312923672
f_290,Fund 290 Equity,Debt,Low,1.3947791017008093,24.27668992473292,14.089620796199846,1.485639333521286
f_291,Fund 291 Hybrid,Index,Low,1.9977355956135125,-0.09641018691205439,20.98926836130366,11.181791295749807
f_292,Fund 292 Equity,Equity,Very High,0.8650060070369677,30.51160696181916,8.900411882978466,14.321324340583802
f_293,Fund 293 Debt,Index,Low,1.6021393034488218,16.19019009366045,17.62299637762351,6.47542923791368
f_294,Fund 294 Debt,Equity,Very High,2.226346595766849,7.239995116457887,22.898226063909163,-6.625283139762805
f_295,Fund 295 Index,Hybrid,Moderate,1.578071651637531,11.44230922342294,20.51931562867238,10.193688880778968
f_296,Fund 296 Debt,Equity,High,0.659102739408721,23.825423536243648,23.119716234971143,11.620431310401056
f_297,Fund 297 Hybrid,Hybrid,Low,0.15856187573569125,12.760053914124114,15.937019928575138,11.425768529770185
f_298,Fund 298 Equity,Equity,Low,2.1882372973622317,17.38755992446369,10.603469111212743,16.414693150932926
f_299,Fund 299 Index,Hybrid,Moderate,0.15104658604092913,2.7932640692063373,-2.8157264951773477,2.5736779221057073
f_300,Fund 300 Equity,Equity,High,2.1992840144420787,4.459161570437754,8.03150009496041,13.081296632702696
f_301,Fund 301 Equity,Debt,Very High,1.3694491216653089,-3.170646442876285,3.254027237470466,16.15504507486785
f_302,Fund 302 Hybrid,Equity,High,2.353762476430951,13.944157847910361,27.36754173998251,-1.671525504039101
f_303,Fund 303 Debt,Equity,Moderate,2.017079765856797,2.960923585352102,8.592913500541307,10.917910955513863
f_304,Fund 304 Debt,Debt,Moderate,2.49504186528001,4.644700574102334,10.985638454275886,5.974921013953971
f_305,Fund 305 Equity,Index,High,0.9417083570841043,32.36132653423868,14.411883008323741,8.510863961390125
f_306,Fund 306 Index,Index,Very High,1.9412518934347045,22.453588968411662,10.34881957097963,11.086058901230018
f_307,Fund 307 Debt,Equity,Very High,1.0646341926621812,10.7086176788624,23.560408323446026,6.076628615318686
f_308,Fund 308 Index,Debt,Low,1.2517014887293814,1.0768723532742097,5.018805106124384,4.945751525030329
f_309,Fund 309 Debt,Equity,Very High,1.6060131117240883,13.93447273288266,11.556859641897942,9.204914504928148
f_310,Fund 310 Index,Hybrid,High,2.196825074047213,22.954165055663687,4.060235314415614,2.4765243668231847
f_311,Fund 311 Hybrid,Hybrid,Moderate,2.461800326078308,13.417169136399048,-0.5601800897656464,2.4850492266888873
f_312,Fund 312 Index,Equity,Low,1.9438561932748437,35.19329539981695,5.105847272757717,13.07623969773902
f_313,Fund 313 Hybrid,Index,Low,1.102640277201601,15.933178393943718,9.703705623612704,2.1072357890480635
f_314,Fund 314 Hybrid,Index,Moderate,1.1112568054649685,13.920491164900316,6.56558220386192,12.99787500545527
f_315,Fund 315 Index,Equity,Very High,1.8701975238133397,4.9605020625231795,4.460632161009152,11.775547757123707
f_316,Fund 316 Hybrid,Equity,Moderate,0.6730651498439255,13.335409047822823,-1.2505397093746708,-1.3548403727435812
f_317,Fund 317 Equity,Hybrid,Very High,0.36513787151534716,9.353574687628441,9.335155418970443,4.934612085986069
f_318,Fund 318 Hybrid,Index,Moderate,0.9510931783378637,19.081086766885903,-2.037762992248018,16.164656418284235
f_319,Fund 319 Debt,Equity,High,0.7893735799697961,22.644396379666592,16.08044770951682,3.1130068131619097
f_320,Fund 320 Index,Hybrid,Very High,0.8111394890943762,3.1163820722294417,10.659518023476027,6.2135744261436745
f_321,Fund 321 Equity,Index,High,0.6606586025197838,-10.340159821073128,-1.6604119957194445,11.77236535951138
f_322,Fund 322 Index,Debt,Low,0.20102365512726852,-6.362053731032965,7.526327383601092,13.700343055695573
f_323,Fund 323 Debt,Hybrid,Moderate,0.14289744336019314,17.079913269125438,3.9827487552753347,7.490766683733026
f_324,Fund 324 Debt,Index,Low,2.470533735366476,0.9663339382612648,12.553396083353444,5.414938831850151
f_325,Fund 325 Debt,Index,Low,1.1266555209660696,-9.528905929524829,20.723603568185155,17.534219170191044
f_326,Fund 326 Hybrid,Hybrid,Low,1.022383953183236,15.88578604530964,-5.001379757165957,19.433397982785472
f_327,Fund 327 Hybrid,Debt,Low,1.7311534784633678,36.92999517432791,10.920208633179337,14.873148304690773
f_328,Fund 328 Index,Hybrid,Moderate,0.623809330876154,11.939290884601066,8.718937635466876,9.511908855390145
f_329,Fund 329 Index,Index,Low,2.379906841480541,20.38490774451642,15.370720611603726,4.150405670154441
f_330,Fund 330 Equity,Equity,Moderate,1.987228034597325,12.81829358547565,11.705573025901513,4.017333560660608
f_331,Fund 331 Equity,Equity,Moderate,0.31458640554942285,11.011103468088573,3.9842453460894474,12.135084631594545
f_332,Fund 332 Index,Hybrid,High,1.102193861883828,27.67609581431335,7.447568514667054,11.510389325332103
f_333,Fund 333 Hybrid,Index,Very High,2.2098839381491953,17.4716297645071,3.6317931455720878,17.409591557678574
f_334,Fund 334 Debt,Equity,Very High,2.3673568534993845,19.93153309741656,18.608057108788785,12.902700555216835
f_335,Fund 335 Index,Index,Moderate,1.2217636269996874,15.216978061960136,10.170493189375538,-0.018481810558908407
f_336,Fund 336 Equity,Hybrid,High,1.5721873341056984,1.6306671114454296,25.20952548602406,15.311685706337512
f_337,Fund 337 Hybrid,Equity,Moderate,0.5008814706209805,21.920423495365227,9.514713489483034,3.0116362361135227
f_338,Fund 338 Index,Index,Moderate,2.478804702728744,10.250402433045913,4.332745864716298,6.6961723682858905
f_339,Fund 339 Index,Equity,Moderate,0.6560120833202641,4.442548405071553,-2.109715140902617,10.501201237510166
f_340,Fund 340 Hybrid,Hybrid,High,2.3625562579243016,18.357640765966444,-4.4251174100475605,20.974004938703786
f_341,Fund 341 Index,Index,Very High,1.6591519575816844,4.982713605942338,-2.673087544043918,27.659511336032164
f_342,Fund 342 Hybrid,Equity,High,1.558568307709262,17.275783521500834,12.137013208091867,12.640338354817096
f_343,Fund 343 Debt,Hybrid,Low,1.3304524264396207,11.908810033557964,14.06980018583947,7.900820287677673
f_344,Fund 344 Hybrid,Equity,High,0.6536075481226208,28.200658101906182,-2.6495256162570673,12.207033890883302
f_345,Fund 345 Hybrid,Equity,High,0.5236672768132198,15.076113334907049,17.160306512608923,14.325932555243016
f_346,Fund 346 Hybrid,Debt,High,0.6291669017684208,14.159708194616362,6.135511586532484,7.075994246656849
f_347,Fund 347 Index,Debt,High,0.5474518291462108,24.46406501507908,11.174344095884395,19.77126813547393
f_348,Fund 348 Index,Hybrid,Very High,1.9710027365602079,35.18118710090697,22.897765026043395,10.380424555148412
f_349,Fund 349 Hybrid,Debt,Low,0.9403006220001522,17.578103063518622,17.174714526924255,11.986458534548365
f_350,Fund 350 Index,Hybrid,Very High,0.2388224237521513,17.62605889755742,7.851754816753342,12.995545512326768
f_351,Fund 351 Equity,Debt,Very High,2.425846312337947,4.826921113375998,2.8704621966777006,11.529519663686735
f_352,Fund 352 Equity,Equity,High,2.2210861239122215,3.767996508893079,-7.2145232106344395,14.033643002817673
f_353,Fund 353 Index,Hybrid,Moderate,2.326605479668511,8.947752956453323,4.246773446060639,5.296480880718461
f_354,Fund 354 Index,Hybrid,Moderate,2.487778774351445,5.9048779784071685,8.310958089378445,5.650189476323817
f_355,Fund 355 Hybrid,Equity,Very High,0.5173485981267695,19.18258269616306,2.1025637827905284,2.399074602169831
f_356,Fund 356 Debt,Hybrid,Very High,1.050980845366381,16.615313228768557,8.949944263261562,11.637007383721357
f_357,Fund 357 Index,Hybrid,High,1.9197723416898191,14.991487992699454,10.614815063670147,13.673619021072685
f_358,Fund 358 Equity,Debt,Very High,1.7704494833291013,20.31186207003504,8.20115214553537,11.746637196911315
f_359,Fund 359 Hybrid,Hybrid,High,0.46935017521565214,22.354532800957156,4.799979353412322,19.046954600085222
f_360,Fund 360 Index,Index,Moderate,2.0579994999774827,12.644744148101202,11.349237375733821,8.966423887025721
f_361,Fund 361 Equity,Equity,Moderate,0.6386573724079856,-7.754665663538713,13.535525196555273,13.012449933555075
f_362,Fund 362 Equity,Debt,Low,0.6371622755742954,2.606646061812457,1.2768073804572317,2.449794743164114
f_363,Fund 363 Debt,Debt,Moderate,1.3887386149441927,10.559124442783846,21.28745903797016,6.677401785153593
f_364,Fund 364 Hybrid,Index,Very High,1.5230558436200876,-0.3121675340534873,9.211294941725907,13.173226545394666
f_365,Fund 365 Hybrid,Equity,Moderate,1.4922068988107469,17.999287299962045,10.15079698355878,14.094612664458865
f_366,Fund 366 Debt,Equity,High,0.3195684097546117,26.910043486440756,15.665715386052458,7.236198314014906
f_367,Fund 367 Debt,Debt,Moderate,2.205906070312913,24.187618516973167,11.865729050108014,8.5704044888516
f_368,Fund 368 Hybrid,Hybrid,Low,0.7374401022128945,9.86557129069792,17.62509307130596,-0.1072424800848566
f_369,Fund 369 Hybrid,Debt,Moderate,0.41083581107873,26.90726136849952,12.296993321614593,6.857824795160344
f_370,Fund 370 Index,Equity,High,2.232995391685545,16.969552297724924,5.100501002876497,14.342298981118716
f_371,Fund 371 Index,Index,High,2.393563595751408,12.94506426515753,12.892028201648813,12.451230096639398
f_372,Fund 372 Debt,Debt,Very High,2.1691062814370814,8.852434692746634,0.8501903414347058,12.00399432828726
f_373,Fund 373 Index,Equity,Moderate,2.0428385793397075,8.975303135118716,10.868477646212185,9.298642123085761
f_374,Fund 374 Equity,Debt,High,1.672580753533652,11.674775181802136,9.734160074844313,9.04237895176906
f_375,Fund 375 Index,Hybrid,Low,1.4220576894619343,13.704162223754878,8.335065141819683,5.038073163159318
f_376,Fund 376 Index,Debt,Very High,0.30876822378738433,24.105526683380546,8.971699908488555,13.192970521215209
f_377,Fund 377 Equity,Debt,Low,1.080287711369677,12.030460201534146,-5.054792363981113,11.52583766633634
f_378,Fund 378 Debt,Equity,Moderate,0.9944524408295535,16.3693816974635,5.610200738072308,11.952113087956796
f_379,Fund 379 Equity,Equity,Moderate,0.7234090810247829,23.906462747863415,10.742759209128918,5.8437909439945175
f_380,Fund 380 Index,Equity,Moderate,1.836208272852604,21.495541354413238,11.278851135979203,-3.9200575192274663
f_381,Fund 381 Debt,Debt,Very High,1.29010176418905,4.508736076675394,1.778598872592335,15.582916270522174
f_382,Fund 382 Index,Hybrid,High,0.29451091817835506,-10.586033392694429,20.125662726917604,6.126975263949575
f_383,Fund 383 Equity,Index,Very High,0.6284396846795471,28.049752016230155,3.070601214283993,3.823345415741276
f_384,Fund 384 Equity,Index,Low,1.7398210327830304,-1.6687869841542113,17.755657604213894,13.160873471483962
f_385,Fund 385 Index,Equity,Very High,0.28271406277672045,6.589726463435467,13.41755489497348,6.647924160485222
f_386,Fund 386 Hybrid,Equity,Low,2.1428965937170448,0.2988697394064044,4.830181521249576,15.359618304279731
f_387,Fund 387 Hybrid,Debt,Very High,1.2883516648335385,-2.030169126066154,24.202487140876094,12.702035697460186
f_388,Fund 388 Equity,Index,High,1.2534077855839552,28.461159030713432,0.45090534594815956,13.101415939202866
f_389,Fund 389 Equity,Equity,Low,1.5217786831828424,19.591551603026467,17.353233388880014,0.8042657327967948
f_390,Fund 390 Hybrid,Hybrid,Moderate,2.079234318220358,6.234895992732806,18.004658544343826,16.271663912318402
f_391,Fund 391 Hybrid,Hybrid,Moderate,0.9347420989652633,-13.910422921449097,4.635038327386841,10.567503187403137
f_392,Fund 392 Index,Equity,Very High,1.7272387661417525,7.447326040513303,21.13972240051463,6.784337164522781
f_393,Fund 393 Index,Equity,Moderate,1.4577567135898986,15.918040054025465,7.999627883208378,9.860330804053506
f_394,Fund 394 Hybrid,Index,Low,0.7408678484066111,-2.789115687741287,12.309549034238856,-1.6574113973899198
f_395,Fund 395 Index,Index,Moderate,2.208711967252379,13.833599197791557,12.082574710169766,11.451916868884025
f_396,Fund 396 Index,Debt,High,2.0138224518566274,9.608731865174619,8.925530068235618,2.823770950907571
f_397,Fund 397 Debt,Index,High,1.6802844031802213,16.532470553045584,16.486466185278257,0.8839782849387934
f_398,Fund 398 Index,Hybrid,Very High,2.1413961498261807,9.747638497429591,16.347909764417704,-0.13415511730734764
f_399,Fund 399 Equity,Hybrid,Low,2.1815060823035255,2.2693105911844444,-3.988255785905446,15.67613024993955
f_400,Fund 400 Index,Equity,High,1.8000711441160835,22.0419054760064,20.43472194302522,5.224419637843267
f_401,Fund 401 Index,Index,High,2.108831988072813,10.562163776780157,-3.2999359042853946,18.202366259498994
f_402,Fund 402 Hybrid,Debt,Low,1.7739315080062807,11.726954604900682,18.26036963473326,5.785191221686214
f_403,Fund 403 Equity,Hybrid,Moderate,1.732337852224721,2.66732040926804,19.013641094620667,-1.2441477455576795
f_404,Fund 404 Index,Hybrid,Moderate,1.5846673077164424,7.567177488084897,1.2722685582784141,2.3008533603080448
f_405,Fund 405 Index,Debt,Very High,1.906519934938339,-1.8758622361622193,6.713485696363321,16.414869720041633
f_406,Fund 406 Debt,Debt,Moderate,0.48065225270337686,10.27053940076577,1.154362652112514,8.064610932379995
f_407,Fund 407 Index,Hybrid,Low,2.2140898220774283,29.117084801423434,8.280631757690117,5.710276221056395
f_408,Fund 408 Index,Hybrid,High,2.1924244665885566,0.3590802404344511,7.53572572651407,9.960109355116726
f_409,Fund 409 Debt,Debt,Moderate,0.17019347928294196,-4.1356139787674095,16.23728425815472,12.01069641700527
f_410,Fund 410 Hybrid,Hybrid,Very High,2.08196020135543,33.22308914386932,20.482469968956867,15.704392895414765
f_411,Fund 411 Index,Equity,Moderate,0.4092876819362685,9.906763228481339,21.16547048631965,17.69099537935756
f_412,Fund 412 Debt,Equity,Low,0.9042852502219405,5.309272613400834,5.502655787373583,6.841388125265485
f_413,Fund 413 Equity,Debt,Very High,1.8844198150998588,19.860265973226163,8.326225010043778,1.0437138835077704
f_414,Fund 414 Hybrid,Index,Moderate,0.48582375051593973,5.9438446026313585,-3.467505537767602,6.519209033260344
f_415,Fund 415 Equity,Debt,Very High,2.063120857885749,39.85651675367821,3.55303946803049,10.561683039497318
f_416,Fund 416 Equity,Debt,Low,2.0971220270985804,18.779258713392693,17.71881306477966,3.2174464427363345
f_417,Fund 417 Debt,Index,High,1.317922561026007,11.674846361180947,22.924662588385853,3.2570945106297424
f_418,Fund 418 Index,Index,Low,0.1153260921204006,33.57308213265503,0.1252090249606237,11.062727289299312
f_419,Fund 419 Debt,Index,Low,0.7888915196197906,5.942850769966616,5.260285926776846,8.708085890577292
f_420,Fund 420 Debt,Equity,Low,1.5806246041017813,19.42095372009307,9.788753944328583,9.19678197246952
f_421,Fund 421 Debt,Hybrid,Low,2.454846827265816,14.99292580406492,12.241289270556855,4.449027991799583
f_422,Fund 422 Debt,Equity,High,1.616352464840004,32.170315822108265,3.523171840626831,7.617595714765396
f_423,Fund 423 Hybrid,Hybrid,High,0.7235285945539834,26.32593919800784,13.392488355712718,3.454601134390174
f_424,Fund 424 Index,Equity,Very High,1.6216136874390672,18.592667625990742,6.209285223432671,14.34119046674872
f_425,Fund 425 Equity,Hybrid,Moderate,1.3959649113180532,4.465821296538166,9.884381832973768,15.211496008342515
f_426,Fund 426 Equity,Equity,High,1.9716289483627447,13.140051927414598,14.370273984029597,-2.077127173428563
f_427,Fund 427 Index,Index,High,0.35675353318470016,11.674083806661482,10.051378158487502,3.4229348388455403
f_428,Fund 428 Equity,Debt,Moderate,1.9264669660048672,32.13387247526623,6.508912875787451,0.02082446945952654
f_429,Fund 429 Index,Equity,High,1.3990397888226647,16.22455000979503,9.123121568593353,5.0998563935586105
f_430,Fund 430 Equity,Hybrid,Low,2.411180809261587,8.346784486878914,9.293096326357318,8.499372181257835
f_431,Fund 431 Debt,Index,Low,0.9204931984928466,13.846803058649083,7.039911760942978,0.3021286818088189
f_432,Fund 432 Equity,Equity,Moderate,1.6182925435214754,-1.4712628952969649,7.929631498663181,3.468841121248121
f_433,Fund 433 Index,Equity,Very High,2.336867453224042,7.050115714817403,22.789177364037734,2.9762557675110095
f_434,Fund 434 Index,Index,Very High,0.34602334717763017,20.126166051319995,14.48735558352991,10.243603976393663
f_435,Fund 435 Index,Equity,Moderate,2.349348369367483,5.431057210286043,7.636157455766718,9.416066022217503
f_436,Fund 436 Index,Debt,Moderate,1.7509257335219521,1.5308901731806035,15.575635236085885,4.66957467997648
f_437,Fund 437 Index,Equity,Low,0.26280894185241255,17.36652752527286,7.32944408195192,10.060925232836388
f_438,Fund 438 Hybrid,Debt,Very High,0.8223125606723589,21.381692335246946,19.38499710069313,5.719919492476408
f_439,Fund 439 Hybrid,Debt,High,1.7996130127486758,24.17567419791759,12.957137537584751,7.37006933804368
f_440,Fund 440 Equity,Index,Low,0.2616414435250521,21.960476858058165,9.14158284796617,19.040712541791223
f_441,Fund 441 Index,Equity,Moderate,1.497209104423056,4.432049114305393,13.58173540648222,17.04276631074209
f_442,Fund 442 Equity,Index,Very High,0.9301193366870961,-4.959846688539441,-2.5670092165479943,1.2025125784344137
f_443,Fund 443 Index,Equity,High,1.590197242641945,31.329367980050485,0.9858602487215578,13.978394507275047
f_444,Fund 444 Index,Equity,High,0.20978088115003085,3.9375125792774135,0.4485999488075567,13.868379326949553
f_445,Fund 445 Hybrid,Hybrid,Low,2.1916883347657032,9.491669835449526,11.143544758109654,2.1104202674842902
f_446,Fund 446 Hybrid,Equity,Very High,2.4363735260257524,31.52281248182392,23.860119995880737,13.912665862529163
f_447,Fund 447 Debt,Index,Very High,2.4253068526856594,13.399683520164054,27.85040116954106,18.227591510475317
f_448,Fund 448 Hybrid,Debt,Moderate,1.8991643961830194,16.558877720816078,15.104408811526056,2.2647311625335167
f_449,Fund 449 Debt,Equity,Very High,0.41220697631351677,38.41152313740845,14.006755799555656,3.494983073914418
f_450,Fund 450 Debt,Hybrid,Very High,1.9198316702296543,10.692972364428574,-4.408461873221912,15.105968801061014
f_451,Fund 451 Debt,Index,Low,0.15900859950112362,21.27840128081237,5.658609602127826,10.628971864953888
f_452,Fund 452 Debt,Equity,Very High,0.15309652366959342,11.086272156822972,3.6977299847340888,12.30885765143714
f_453,Fund 453 Debt,Index,High,0.876664525958899,19.596055624056202,5.033219213991072,11.04353529840298
f_454,Fund 454 Equity,Hybrid,Low,1.2727436569711978,27.284684264125318,8.654849451321683,11.344175525568865
f_455,Fund 455 Hybrid,Hybrid,Low,1.9489778027387037,17.078357562896237,6.223275378422981,1.0411672301335022
f_456,Fund 456 Debt,Index,Moderate,1.7399089038556126,17.38296079049633,-5.834398483006302,15.28390623972869
f_457,Fund 457 Index,Equity,Very High,1.1701664953041961,26.0272846897658,15.983282048940271,16.01753995456664
f_458,Fund 458 Hybrid,Debt,Moderate,0.7567039990759981,8.350472704571146,1.418055794081548,7.623655535591833
f_459,Fund 459 Hybrid,Hybrid,High,2.493098800378507,2.9136940456462446,11.913974912889197,8.739138301116826
f_460,Fund 460 Debt,Equity,Low,1.1228351253663351,1.551908059789664,26.592661357999788,-0.1866450153343333
f_461,Fund 461 Equity,Equity,Low,1.1833288583912212,-7.663565893760019,2.644923267308613,12.08552853610701
f_462,Fund 462 Debt,Debt,Low,0.4926971708600061,32.56207129940322,-10.242300181970638,12.432344650284865
f_463,Fund 463 Equity,Hybrid,High,2.0075429169998302,-2.074857077597871,7.711966224959113,8.626853898004134
f_464,Fund 464 Index,Hybrid,High,1.7648373418755727,1.9743353057793858,18.80767707998857,15.746120159223016
f_465,Fund 465 Hybrid,Equity,Moderate,0.6298470706930249,9.231867001110793,25.66677963376475,6.995536614120357
f_466,Fund 466 Index,Equity,Moderate,0.29771450947802247,15.074066978091007,0.1636032443806652,12.387635555361602
f_467,Fund 467 Equity,Debt,Moderate,1.7331983249793115,20.157372125392968,13.973593785892174,2.882013967847307
f_468,Fund 468 Equity,Debt,Very High,1.6708269142747245,24.35298512009592,6.277516345759573,8.858687094754572
f_469,Fund 469 Index,Hybrid,Low,0.7558228647957024,6.169225614310616,9.152413165566914,7.953874452582985
f_470,Fund 470 Equity,Index,Low,2.3820725494009847,10.328782862135885,31.154746776136278,10.35184753224565
f_471,Fund 471 Index,Hybrid,Moderate,0.46253894027416054,14.825799504882998,-2.0237626271612257,6.782838426999849
f_472,Fund 472 Hybrid,Equity,Low,1.1376035225022447,9.51308873816453,12.029917291956588,8.211164425969994
f_473,Fund 473 Index,Hybrid,Moderate,2.3646782084022373,28.073455760199927,13.741545374123465,13.956283028649038
f_474,Fund 474 Hybrid,Index,Very High,1.1073455606226936,11.085735659572237,18.686290599514777,6.379414576570696
f_475,Fund 475 Index,Debt,Very High,1.6324622743938053,21.825498857704716,10.783865227767164,-0.6394626044320759
f_476,Fund 476 Equity,Index,High,1.0542265551107062,19.31157160626288,12.46440431603282,19.497503425232523
f_477,Fund 477 Index,Index,Very High,0.758116485636808,29.130452452044228,6.866811460625671,17.288724472142917
f_478,Fund 478 Equity,Index,Moderate,2.4615463551035877,13.810215587037069,12.153015529960859,1.2464238293662877
f_479,Fund 479 Index,Debt,Very High,1.0824016151561033,-0.47854697700778615,7.254461796020716,13.138246831471166
f_480,Fund 480 Index,Index,High,2.2458380888299225,16.349640585790958,14.972575118848408,5.982151376691942
f_481,Fund 481 Debt,Index,Low,0.6518910541386068,5.48643106208171,7.043117311650928,10.580923291986357
f_482,Fund 482 Equity,Index,Moderate,0.6114512896601999,6.713833182502432,13.016803151217491,10.765344774080962
f_483,Fund 483 Debt,Equity,Low,0.17472179892282727,17.86364018755093,9.765897490520173,7.593553198102068
f_484,Fund 484 Equity,Index,High,1.6640003809021242,30.042184235777835,19.008402006177345,4.297406006481621
f_485,Fund 485 Debt,Debt,High,0.9844632249370266,15.888005912781205,9.58885021129211,4.856753686102444
f_486,Fund 486 Hybrid,Index,High,2.174459799615129,18.66910991190353,-4.184259745655051,3.502848507112545
f_487,Fund 487 Index,Index,Low,1.2357037760597371,29.02214944635238,20.095372005711933,4.009066750617332
f_488,Fund 488 Equity,Debt,Low,2.4236642269953323,14.407531794885683,2.7541415930990487,8.596930259703868
f_489,Fund 489 Equity,Index,Low,0.5452612376874908,38.01683114180395,4.769869290809441,4.705440065335489
f_490,Fund 490 Index,Debt,Low,2.184695603093466,17.65509645631544,5.234709647652063,13.09231239427572
f_491,Fund 491 Equity,Index,High,1.9638324467001802,-1.2612896425155462,20.99550474536654,17.923476932015564
f_492,Fund 492 Equity,Debt,High,1.9502124271457248,13.855555595009795,-7.085393711829564,5.519680551779742
f_493,Fund 493 Debt,Index,Moderate,2.1274797474805305,15.811583848827777,35.10198826927995,10.436427003212263
f_494,Fund 494 Equity,Index,Moderate,1.9264575782631974,24.897527540827454,18.448454472528415,11.998110661817602
f_495,Fund 495 Hybrid,Equity,Low,1.602928771915397,18.731813512699585,11.785911313033278,11.832013625515646
f_496,Fund 496 Hybrid,Equity,Very High,0.4149877064377302,16.39938356009717,9.56084799506971,9.455731607496524
f_497,Fund 497 Index,Index,Very High,0.1780628307790046,4.819361607174354,12.284432598861255,13.456094510158334
f_498,Fund 498 Equity,Index,High,2.3100348347576483,6.826351784257262,14.168979427034706,11.893493716083944
f_499,Fund 499 Index,Hybrid,High,1.5799607548497714,4.274393089535993,15.161724687600456,1.574025466036213
