user_id,age,income_level,risk_appetite,investment_horizon_years,goal_category
u_0,56,99677.69368447052,2,9,wealth_creation
u_1,69,37418.899618989635,2,13,education
u_2,46,141427.84795443993,3,24,retirement
u_3,32,191343.09112241378,6,8,retirement
u_4,60,30256.518035943478,1,14,wealth_creation
u_5,25,51003.87865139384,2,24,retirement
u_6,38,20061.629724950515,1,1,short_term
u_7,56,65605.88071302947,5,17,retirement
u_8,36,66736.28689303229,7,24,retirement
u_9,40,34220.3690458076,8,5,retirement
u_10,28,60868.97407019194,10,25,short_term
u_11,28,32779.47253044181,1,2,education
u_12,41,28766.82857979046,7,25,retirement
u_13,53,72708.64545858745,5,28,wealth_creation
u_14,57,39720.72932879956,10,24,short_term
u_15,41,64612.1039980764,1,9,wealth_creation
u_16,20,48391.56266728381,3,4,retirement
u_17,39,227868.71479689633,7,17,wealth_creation
u_18,19,28101.28447965046,10,17,retirement
u_19,41,51236.926337421195,1,21,short_term
u_20,61,77043.11298172465,7,18,wealth_creation
u_21,47,45171.40960775739,5,16,wealth_creation
u_22,55,203847.2514176179,1,8,retirement
u_23,19,83986.50154373268,1,26,retirement
u_24,38,73498.88852147061,1,11,education
u_25,50,90746.88825123028,9,21,retirement
u_26,29,172507.98480309296,3,21,retirement
u_27,39,139199.8739457829,5,18,education
u_28,61,84419.43365114817,10,23,retirement
u_29,42,89147.32638890245,9,29,retirement
u_30,66,27886.64205770127,6,24,education
u_31,44,25423.400529065475,9,10,short_term
u_32,59,62303.78892016971,8,13,short_term
u_33,45,20926.920821347383,8,17,retirement
u_34,33,52923.41343866761,1,18,retirement
u_35,32,31808.246884112916,9,10,education
u_36,64,41233.663031804674,6,16,education
u_37,68,94761.89458200628,9,20,short_term
u_38,61,161712.57273285938,3,5,wealth_creation
u_39,69,23758.610797818736,3,13,retirement
u_40,20,58204.476764518295,6,18,wealth_creation
u_41,54,127080.09858563941,9,17,wealth_creation
u_42,68,24305.600046954758,7,9,education
u_43,24,107009.81392888652,3,14,retirement
u_44,38,42142.880046162725,3,17,retirement
u_45,26,39437.38397936561,2,29,education
u_46,56,209637.3571513603,9,4,wealth_creation
u_47,35,31210.89953226727,3,18,education
u_48,21,79076.97300419646,5,27,short_term
u_49,42,106141.7338456845,9,20,retirement
u_50,31,22102.778131761097,8,24,short_term
u_51,67,75491.56814248434,2,24,education
u_52,26,171361.12056718423,3,15,retirement
u_53,43,26632.016157418493,2,11,short_term
u_54,19,133274.72787460466,8,12,short_term
u_55,37,65165.84256266323,6,9,wealth_creation
u_56,45,67934.41995241752,6,13,retirement
u_57,64,67459.31726811314,9,15,short_term
u_58,24,37750.665285318835,8,27,short_term
u_59,61,156823.88449484273,4,15,wealth_creation
u_60,25,167204.89136775368,4,28,short_term
u_61,64,69082.10052233908,9,5,short_term
u_62,52,96490.3935582312,1,23,short_term
u_63,31,67370.75362878837,2,19,wealth_creation
u_64,34,53121.04985050784,2,26,short_term
u_65,53,74061.23439235458,6,20,short_term
u_66,67,60259.99670101439,4,26,retirement
u_67,57,65500.010765262086,10,25,retirement
u_68,21,96585.09779845046,3,26,wealth_creation
u_69,19,52783.305856101586,3,26,education
u_70,23,22080.391519402758,3,14,retirement
u_71,59,28956.302253583395,6,28,wealth_creation
u_72,21,48866.72347946523,8,17,short_term
u_73,46,84517.68443753605,7,18,short_term
u_74,35,64981.34837974978,4,21,wealth_creation
u_75,43,72533.1504504997,4,3,short_term
u_76,61,52627.037606943195,10,2,short_term
u_77,51,67822.05670521318,2,1,education
u_78,27,39950.60650747144,1,10,short_term
u_79,53,51761.14231583704,9,19,retirement
u_80,31,88183.42645370009,2,17,short_term
u_81,48,122720.97267033276,8,12,wealth_creation
u_82,65,48427.62177535261,9,1,education
u_83,32,22232.175700583106,4,12,short_term
u_84,25,28817.324802584135,8,17,wealth_creation
u_85,31,21054.090358769394,9,24,retirement
u_86,40,72959.43834793937,10,3,short_term
u_87,57,40196.910621977455,10,11,education
u_88,38,59096.58487378546,5,17,short_term
u_89,33,53989.52367065866,7,23,wealth_creation
u_90,62,24252.110737818362,10,26,education
u_91,35,45813.802613755324,4,3,short_term
u_92,64,32459.050455518744,1,8,retirement
u_93,41,47098.599469958004,3,20,education
u_94,43,31381.32174332213,5,4,retirement
u_95,42,111770.65040097915,3,21,wealth_creation
u_96,62,29569.729825619568,7,22,short_term
u_97,58,181929.125984198,9,7,retirement
u_98,46,46884.78445606338,6,14,wealth_creation
u_99,32,113619.8375875005,10,14,short_term
u_100,62,69545.97520106376,1,4,wealth_creation
u_101,18,86467.41046049331,7,16,retirement
u_102,42,92991.4238662515,3,24,wealth_creation
u_103,24,55144.20977952237,5,29,education
u_104,26,59186.48523795948,10,22,short_term
u_105,41,56076.90763333029,4,1,wealth_creation
u_106,18,64343.68170328029,10,17,retirement
u_107,61,21491.755977142824,5,25,short_term
u_108,25,45168.93520561686,5,10,education
u_109,41,66594.17264277954,6,22,short_term
u_110,28,65530.7889033921,10,16,education
u_111,68,98741.22024265336,10,16,short_term
u_112,34,73211.89656978635,6,26,wealth_creation
u_113,25,262255.9347768497,8,8,wealth_creation
u_114,52,36693.598016195014,8,29,retirement
u_115,52,42248.073276357856,9,7,education
u_116,50,44213.01080715245,8,28,retirement
u_117,22,51350.44763992727,2,6,wealth_creation
u_118,59,110393.8522507747,10,16,education
u_119,56,33445.76992550859,1,20,retirement
u_120,58,94805.50756964173,10,16,retirement
u_121,45,45985.76627397443,2,7,retirement
u_122,24,66046.99910314765,2,9,retirement
u_123,26,70057.11304527402,3,14,retirement
u_124,25,43328.36797456535,10,11,education
u_125,29,55935.06674213518,7,26,retirement
u_126,51,46639.17844965642,2,26,education
u_127,50,23581.931968013956,1,14,retirement
u_128,65,48738.472871978374,6,7,wealth_creation
u_129,40,25123.42355784298,9,1,wealth_creation
u_130,41,45961.441524250644,3,26,retirement
u_131,54,64937.0810910768,6,25,short_term
u_132,52,63305.42201813104,3,13,wealth_creation
u_133,61,74327.4589229676,1,20,education
u_134,57,25005.46680524057,5,3,retirement
u_135,39,72795.35078790179,10,20,education
u_136,44,38709.08314470248,4,4,short_term
u_137,52,45461.8398424363,7,29,retirement
u_138,18,117591.57113523962,6,26,wealth_creation
u_139,52,20453.57126873071,10,11,education
u_140,54,64386.69843703153,7,2,wealth_creation
u_141,64,65654.04196730055,5,14,wealth_creation
u_142,31,45263.701151527624,4,12,retirement
u_143,20,33526.68791678962,7,17,education
u_144,18,33372.672106601276,7,12,short_term
u_145,22,127583.26835153566,6,26,wealth_creation
u_146,43,49171.9999084646,8,12,retirement
u_147,31,40090.292791466374,4,1,retirement
u_148,56,49780.84370139921,10,13,short_term
u_149,44,75340.85301592207,5,14,retirement
u_150,26,27876.95384592755,4,24,wealth_creation
u_151,32,49840.406984712485,1,2,retirement
u_152,32,64322.56581817526,8,12,education
u_153,43,168389.66616846106,1,26,education
u_154,59,34552.907053203606,5,21,wealth_creation
u_155,30,42255.85404949495,6,28,education
u_156,68,43850.09016598262,6,16,short_term
u_157,49,66511.64337212133,5,4,retirement
u_158,56,42059.69638832168,3,8,wealth_creation
u_159,66,58126.14111824427,5,2,short_term
u_160,69,96114.94443573563,8,10,retirement
u_161,49,81104.3938163183,2,9,short_term
u_162,21,49562.81203238169,6,23,wealth_creation
u_163,47,119834.55998148453,9,15,wealth_creation
u_164,54,60838.13770151651,8,13,short_term
u_165,40,58816.20568560968,8,23,retirement
u_166,56,21739.291917052135,8,17,education
u_167,62,235973.1795146693,7,16,education
u_168,32,26560.750078242498,8,28,short_term
u_169,60,33141.728059780165,6,2,wealth_creation
u_170,46,22654.051795517058,2,20,retirement
u_171,53,71082.97443897948,2,20,retirement
u_172,30,32725.337292257766,8,27,wealth_creation
u_173,49,29923.18337150602,1,14,education
u_174,24,24636.233388431654,6,3,retirement
u_175,68,25452.195503016297,6,23,short_term
u_176,39,63934.179024553785,4,12,education
u_177,45,78270.92749794459,10,8,short_term
u_178,19,45323.33923815252,3,2,education
u_179,59,52686.42834875012,3,4,wealth_creation
u_180,62,77912.97733529625,1,14,short_term
u_181,23,20876.629588336684,3,16,short_term
u_182,45,39513.85094455138,4,19,wealth_creation
u_183,45,200777.26405106133,5,2,short_term
u_184,61,63388.3908486633,3,12,education
u_185,61,34666.53847703249,6,29,retirement
u_186,37,56878.997495707124,5,14,retirement
u_187,47,40977.199209552055,3,6,wealth_creation
u_188,28,57990.53002631322,6,13,education
u_189,45,26718.959698564275,6,4,short_term
u_190,42,27119.36186702343,8,22,short_term
u_191,56,27747.521095750984,2,18,retirement
u_192,50,160520.5875136392,1,12,short_term
u_193,18,86006.40546175586,4,20,retirement
u_194,44,28859.65019633814,7,27,wealth_creation
u_195,69,30434.246868592963,10,22,short_term
u_196,30,85620.50889055683,3,21,education
u_197,58,28489.846606615698,3,19,short_term
u_198,20,33365.306838166915,5,8,retirement
u_199,56,185312.77187386545,5,7,wealth_creation
u_200,23,34739.129392840136,10,16,retirement
u_201,25,74181.11269216673,3,19,short_term
u_202,44,212291.37274111892,9,6,retirement
u_203,26,43443.95446008198,4,20,retirement
u_204,54,20883.560552887426,3,27,wealth_creation
u_205,50,33995.43751925928,2,21,education
u_206,68,108856.5074755281,10,11,short_term
u_207,59,119979.3589397322,9,5,wealth_creation
u_208,61,93162.95285027378,4,16,education
u_209,41,26001.705694702276,3,7,retirement
u_210,32,99361.90110636366,7,27,education
u_211,49,145466.81000012078,8,5,retirement
u_212,49,65890.78752448708,2,11,retirement
u_213,41,161405.37295238246,7,15,wealth_creation
u_214,58,107676.64049293908,5,3,retirement
u_215,69,74976.36290488626,5,26,wealth_creation
u_216,66,63041.05538476792,3,5,education
u_217,66,41429.548104529,5,23,education
u_218,69,28675.273362881017,2,21,retirement
u_219,29,66437.64347339551,4,5,wealth_creation
u_220,56,39144.46014362256,6,9,retirement
u_221,19,120659.72436869898,1,15,wealth_creation
u_222,20,270558.80220347235,10,3,wealth_creation
u_223,66,89802.64356693631,4,29,wealth_creation
u_224,54,24742.007754950053,6,6,education
u_225,66,37032.03732709105,9,17,wealth_creation
u_226,34,25776.69512949689,2,26,education
u_227,66,72564.25224392765,7,21,wealth_creation
u_228,19,92449.11422208653,6,8,education
u_229,19,149965.28173490497,2,21,short_term
u_230,45,48828.0071166823,8,25,education
u_231,40,135821.8543142947,7,11,education
u_232,54,125142.12464814205,5,6,retirement
u_233,49,39077.35075186477,5,8,wealth_creation
u_234,50,121589.98298501903,7,10,short_term
u_235,18,43553.99055662737,9,24,retirement
u_236,36,37610.622538745214,9,29,wealth_creation
u_237,19,72359.08906293585,9,3,short_term
u_238,61,39903.22014184324,6,23,short_term
u_239,43,69740.83086146443,10,14,short_term
u_240,49,67058.86824378371,6,23,wealth_creation
u_241,23,61441.349952653574,3,14,short_term
u_242,49,43935.64862414329,1,10,short_term
u_243,21,59758.9644814002,7,12,retirement
u_244,28,65377.139718110746,4,6,education
u_245,34,59448.432286920266,1,12,wealth_creation
u_246,55,49387.084043303934,8,23,education
u_247,41,20738.784088631117,6,14,retirement
u_248,22,64222.85552521823,6,2,education
u_249,69,29222.854880508603,2,9,short_term
u_250,51,71441.62199905477,1,10,short_term
u_251,23,91219.4056845493,2,26,wealth_creation
u_252,39,54701.90978287546,4,17,wealth_creation
u_253,28,59084.021930773364,2,17,wealth_creation
u_254,65,171287.4754989924,1,3,retirement
u_255,33,113920.59107385422,7,19,wealth_creation
u_256,50,142808.09784594795,8,1,retirement
u_257,26,104037.64398058456,6,12,short_term
u_258,23,25765.960397586376,4,7,education
u_259,33,28066.679025089346,6,4,short_term
u_260,46,57393.24260029964,3,10,short_term
u_261,20,34122.765045786895,8,13,short_term
u_262,37,52379.58593362151,10,2,wealth_creation
u_263,53,45073.915964070875,2,10,wealth_creation
u_264,36,59860.342515402146,5,21,wealth_creation
u_265,43,88693.73351519472,1,22,education
u_266,20,82849.503246988,6,25,wealth_creation
u_267,36,56827.17977013765,2,4,retirement
u_268,37,106409.21964501866,4,18,short_term
u_269,49,48181.625217110355,6,5,education
u_270,24,133512.81229122728,10,19,education
u_271,69,23697.413786725596,8,2,education
u_272,58,174678.31481524953,8,12,education
u_273,50,73166.08191938465,6,17,education
u_274,57,43907.799193492414,4,10,retirement
u_275,56,30979.62609524186,8,2,short_term
u_276,35,52617.849353852485,8,6,education
u_277,57,30818.22425878195,10,8,short_term
u_278,18,29095.97834472463,1,29,wealth_creation
u_279,28,68031.95692397008,4,19,education
u_280,45,57020.821176917445,4,11,education
u_281,42,75447.68404234725,7,25,short_term
u_282,67,152682.27527055502,7,12,education
u_283,40,57992.15745521797,8,9,education
u_284,48,63486.11040782827,5,2,education
u_285,47,24695.007371889948,7,8,retirement
u_286,59,83227.87510162058,8,26,retirement
u_287,52,45533.38237925725,9,11,education
u_288,24,208019.28549514475,3,28,retirement
u_289,33,106629.45844824676,3,21,wealth_creation
u_290,43,56957.570706209845,4,4,education
u_291,65,26575.110022678466,5,10,wealth_creation
u_292,69,118097.43168286304,10,21,short_term
u_293,66,100417.1994053831,1,20,wealth_creation
u_294,19,30202.912587356423,7,16,short_term
u_295,18,37497.61452907657,9,8,education
u_296,65,98850.29271583061,8,4,short_term
u_297,29,30242.37537727626,5,29,short_term
u_298,22,144901.10766381977,4,10,wealth_creation
u_299,54,47628.18532553218,7,12,wealth_creation
u_300,49,24553.103732011943,5,29,wealth_creation
u_301,26,104572.71928417575,7,14,education
u_302,58,43381.098026651685,1,16,education
u_303,52,57380.08322323492,1,22,wealth_creation
u_304,36,25956.316246409842,10,18,education
u_305,65,20129.367958689054,3,21,education
u_306,33,70803.51000085616,2,22,short_term
u_307,20,56198.381461511664,2,21,short_term
u_308,37,65013.311774375485,7,12,wealth_creation
u_309,41,98931.8218937477,10,18,education
u_310,50,72008.57260909065,2,7,short_term
u_311,41,29604.865779624583,4,20,retirement
u_312,69,42374.744641187644,2,24,education
u_313,28,138165.13537520604,6,23,retirement
u_314,66,93471.77826350681,8,7,wealth_creation
u_315,25,60668.328102783256,10,9,education
u_316,53,34761.8602234204,4,1,wealth_creation
u_317,55,37981.1429411502,5,26,wealth_creation
u_318,57,85830.59232389124,4,6,wealth_creation
u_319,37,115248.95967010788,3,6,wealth_creation
u_320,52,75649.45754245561,5,22,wealth_creation
u_321,65,102913.02249559308,9,29,education
u_322,42,92762.10493849931,8,12,retirement
u_323,52,28108.535856946073,8,22,education
u_324,42,47577.5905980706,8,12,education
u_325,46,28301.77295814924,8,10,education
u_326,35,33409.37232863455,7,23,short_term
u_327,63,121727.08949222253,8,26,short_term
u_328,35,52017.487632582066,8,6,education
u_329,19,58324.41407862795,8,17,retirement
u_330,52,29827.878396286535,10,19,education
u_331,33,38718.07784792135,7,18,wealth_creation
u_332,58,33084.225725304175,1,6,short_term
u_333,53,31545.315467750646,4,24,short_term
u_334,50,70800.13836320111,4,19,education
u_335,21,34845.14588036238,5,10,education
u_336,50,69985.72116379422,10,24,retirement
u_337,31,23011.636305396445,6,8,retirement
u_338,38,27644.41347254709,4,21,wealth_creation
u_339,65,36047.48463454208,2,24,education
u_340,37,65446.75714543461,6,6,education
u_341,25,76326.09494473468,8,21,education
u_342,24,49234.10147385877,8,25,short_term
u_343,20,49510.66264629344,7,7,wealth_creation
u_344,34,84461.44094305378,6,24,retirement
u_345,50,20797.37905726239,2,1,short_term
u_346,65,40858.418075559544,7,27,short_term
u_347,29,105382.0543535613,5,18,short_term
u_348,68,66218.5910818133,6,24,short_term
u_349,39,40566.1465416431,10,28,wealth_creation
u_350,39,137970.89157989452,8,25,education
u_351,63,94057.23237343536,8,20,retirement
u_352,47,35387.127061408784,3,12,retirement
u_353,55,71822.71333564202,7,16,short_term
u_354,55,65286.179092988474,1,10,short_term
u_355,62,45640.37215023585,1,27,wealth_creation
u_356,68,42860.773705125175,7,10,short_term
u_357,25,41046.235321465516,10,14,retirement
u_358,44,68006.35588515436,9,25,retirement
u_359,44,49206.56198909433,7,20,education
u_360,51,109148.84146375068,10,10,education
u_361,38,75372.95777238303,5,10,retirement
u_362,47,23624.857664550684,8,26,retirement
u_363,50,71105.93225784038,2,25,wealth_creation
u_364,45,35814.19061419742,9,11,wealth_creation
u_365,64,64924.01316150505,6,23,retirement
u_366,50,76992.33264496768,9,2,short_term
u_367,22,33122.110670282316,2,25,education
u_368,65,50519.28352111501,3,20,retirement
u_369,36,30556.108848626987,8,8,short_term
u_370,21,22687.915227119363,1,23,retirement
u_371,52,43779.07169465332,10,29,education
u_372,66,42544.90709542394,7,7,education
u_373,34,289967.59269600495,7,8,wealth_creation
u_374,61,49561.34037845248,1,1,wealth_creation
u_375,45,40290.974755205956,9,21,wealth_creation
u_376,47,63431.60880525505,8,2,wealth_creation
u_377,46,24647.854201277944,4,18,education
u_378,63,183070.5580071041,10,15,short_term
u_379,23,70387.42336281255,5,1,short_term
u_380,52,90291.76640053994,2,5,short_term
u_381,58,29345.278658497893,9,2,retirement
u_382,54,46337.4069276518,6,20,wealth_creation
u_383,41,47468.717965010415,3,3,wealth_creation
u_384,46,106244.2462830174,7,19,education
u_385,66,20061.87225394291,9,18,education
u_386,63,37894.72067042037,3,29,retirement
u_387,48,218791.75444241866,2,22,retirement
u_388,52,52207.0466065598,7,18,short_term
u_389,50,44105.938524263875,7,14,education
u_390,69,26381.953724886684,4,24,wealth_creation
u_391,38,202800.53712919942,9,8,short_term
u_392,49,21011.480074051295,8,29,wealth_creation
u_393,40,86814.3373946901,1,12,short_term
u_394,50,93180.33103061611,1,21,wealth_creation
u_395,20,33962.99632924015,5,10,retirement
u_396,35,75669.81837137,6,23,short_term
u_397,42,24876.73555288127,3,20,wealth_creation
u_398,59,34856.1425971749,9,17,wealth_creation
u_399,48,97535.33958853458,10,11,education
u_400,20,120007.93472836082,6,2,short_term
u_401,57,66886.75291518413,4,26,wealth_creation
u_402,63,55345.9217063664,7,26,education
u_403,41,28676.259165905038,8,4,wealth_creation
u_404,67,23259.41837632158,9,1,short_term
u_405,49,26258.268761326533,6,15,retirement
u_406,64,32896.92812375332,6,13,short_term
u_407,39,40902.789600071264,8,8,short_term
u_408,40,43975.192731866104,5,25,wealth_creation
u_409,19,41257.002474885594,3,4,wealth_creation
u_410,44,33659.73168079004,3,10,short_term
u_411,59,55639.36422186178,6,19,education
u_412,19,107230.27735804484,2,18,education
u_413,43,36404.61997978668,6,5,education
u_414,34,162700.36869311106,6,19,wealth_creation
u_415,57,123311.12960211377,8,26,wealth_creation
u_416,50,28822.792368791313,7,23,short_term
u_417,26,97153.48068300093,8,27,retirement
u_418,60,62734.78579538956,9,22,wealth_creation
u_419,65,61801.86718569846,6,16,short_term
u_420,56,44800.36161120012,3,1,short_term
u_421,46,54772.79209163777,10,12,retirement
u_422,59,45306.73030979691,3,24,education
u_423,43,58797.384740094305,1,2,short_term
u_424,52,69436.3583490868,5,21,short_term
u_425,67,76089.51268121961,4,25,short_term
u_426,42,58015.78506215918,9,8,education
u_427,41,83902.87143507563,9,18,education
u_428,30,27615.504944540982,5,25,retirement
u_429,24,31911.748485195054,10,16,wealth_creation
u_430,53,105389.76262639204,4,5,education
u_431,62,39469.35113976193,7,26,wealth_creation
u_432,37,21157.997915287222,6,22,wealth_creation
u_433,18,28349.45409190571,4,13,education
u_434,25,32655.300971593155,10,19,short_term
u_435,63,177704.6259361156,2,29,retirement
u_436,33,62553.41468589158,1,3,wealth_creation
u_437,31,154952.59572654602,4,26,short_term
u_438,29,62802.526902519945,4,8,education
u_439,68,52634.28880545756,1,27,wealth_creation
u_440,40,38824.03892042975,6,26,wealth_creation
u_441,32,66617.3148245724,4,26,wealth_creation
u_442,45,27494.539737780367,1,12,short_term
u_443,51,134267.53671680467,1,2,short_term
u_444,19,108401.87520001187,1,11,short_term
u_445,49,39101.941522984715,8,12,wealth_creation
u_446,40,172665.45032169856,10,28,wealth_creation
u_447,39,107205.86030097924,8,18,retirement
u_448,68,74876.67641222704,2,13,retirement
u_449,42,26491.877513418167,7,5,short_term
u_450,39,52526.80558202134,8,22,short_term
u_451,39,55271.87539305063,8,12,education
u_452,66,33234.18590983834,10,2,short_term
u_453,69,24167.19974098126,7,5,retirement
u_454,59,94967.24748062904,5,7,retirement
u_455,23,26507.430441844255,1,26,retirement
u_456,32,65105.9255157866,9,26,wealth_creation
u_457,60,157795.76409804184,7,24,wealth_creation
u_458,54,124416.12004069965,2,12,short_term
u_459,50,36269.37861931311,6,16,education
u_460,25,115341.22527323618,2,23,education
u_461,61,20016.628070645325,1,8,education
u_462,61,20892.305416689305,7,28,wealth_creation
u_463,22,66134.70496745605,2,9,retirement
u_464,56,42690.628271968264,2,15,retirement
u_465,21,44425.55941383408,5,5,wealth_creation
u_466,23,61556.26117957697,5,13,education
u_467,62,30646.200928511847,7,5,education
u_468,49,31897.338430552983,1,11,short_term
u_469,69,53140.752998351556,8,10,short_term
u_470,47,90172.74713089108,3,20,education
u_471,64,68313.15960625789,4,13,wealth_creation
u_472,52,37645.17810146912,9,9,education
u_473,57,48135.5316335694,4,21,short_term
u_474,69,29356.540650502975,10,14,education
u_475,33,23878.07104059956,5,18,wealth_creation
u_476,30,96322.90858281647,7,15,retirement
u_477,67,35420.60030297679,4,10,wealth_creation
u_478,59,29786.536230434755,1,24,wealth_creation
u_479,47,78820.80924757294,9,7,short_term
u_480,36,68123.49762644422,4,8,wealth_creation
u_481,34,70145.51282968628,9,28,wealth_creation
u_482,36,32996.51077351357,6,3,short_term
u_483,45,33240.32221469925,1,15,short_term
u_484,43,32474.545082053835,3,16,retirement
u_485,54,29543.051465932876,2,4,education
u_486,43,73315.53333131723,9,21,wealth_creation
u_487,40,114198.96359084857,1,6,short_term
u_488,26,84425.26638823698,9,1,retirement
u_489,29,98533.3731472297,9,4,education
u_490,18,45942.7578080479,8,11,short_term
u_491,18,73076.77948453638,8,12,education
u_492,64,41866.07696830129,1,26,education
u_493,51,57275.17008466365,8,29,wealth_creation
u_494,49,52853.76777996752,10,5,wealth_creation
u_495,65,29733.09807569233,3,23,short_term
u_496,42,44475.94173596372,7,29,education
u_497,57,185965.5847184531,1,21,short_term
u_498,62,34289.54360927419,1,16,short_term
u_499,18,27182.18818126195,10,13,education
u_500,33,47114.14804363123,5,13,short_term
u_501,56,98112.86544567083,5,17,education
u_502,22,63631.42630236245,8,27,education
u_503,39,77124.2633915891,7,7,education
u_504,46,30517.218580613953,8,8,education
u_505,20,68240.99683708484,6,13,retirement
u_506,29,39541.17075641313,6,23,education
u_507,43,109879.83341515607,2,27,wealth_creation
u_508,33,69617.9473963115,6,16,wealth_creation
u_509,68,31085.745975694197,5,29,wealth_creation
u_510,54,23339.943281310567,3,4,education
u_511,39,22178.43447882432,6,8,wealth_creation
u_512,46,43213.689222225934,8,16,retirement
u_513,31,35452.172991667314,9,21,short_term
u_514,45,71935.64921565878,1,10,education
u_515,22,54590.78686406495,3,25,wealth_creation
u_516,64,35463.62575125212,3,12,retirement
u_517,66,28081.129974911666,8,12,short_term
u_518,47,26802.428628267022,1,26,retirement
u_519,63,119998.40228144085,5,5,wealth_creation
u_520,69,33951.18115587368,3,16,retirement
u_521,22,72736.08365842048,2,1,short_term
u_522,29,103217.3943213004,8,28,wealth_creation
u_523,33,67606.42912224737,3,9,short_term
u_524,43,118150.60901026744,7,12,retirement
u_525,43,44911.4087541149,1,5,education
u_526,65,176431.4112901883,6,22,education
u_527,38,27144.178218804795,3,20,education
u_528,56,25387.58693201013,8,22,education
u_529,53,73748.52059645733,6,28,short_term
u_530,50,163087.29795770766,2,24,education
u_531,47,102743.59442497612,6,3,short_term
u_532,54,23974.72278578331,7,5,wealth_creation
u_533,40,36381.31386257554,5,2,education
u_534,27,153191.2971258175,3,14,short_term
u_535,22,34588.416010157205,4,2,education
u_536,53,95973.10214605655,4,13,education
u_537,51,107186.24979139298,6,7,education
u_538,69,54204.62525322484,10,10,short_term
u_539,48,44416.43847180949,1,13,retirement
u_540,27,49903.1633557561,4,16,education
u_541,36,32871.52789564818,10,26,education
u_542,49,130087.65303080049,4,14,wealth_creation
u_543,18,49948.21422504079,10,11,retirement
u_544,22,127048.5908676899,1,10,short_term
u_545,62,25585.334946670722,9,6,wealth_creation
u_546,21,242302.75389672513,4,4,education
u_547,33,49284.02209731421,7,21,wealth_creation
u_548,41,22450.627515460368,3,1,wealth_creation
u_549,33,21938.176991994045,10,7,education
u_550,19,88561.86596949073,3,24,retirement
u_551,66,73798.85065021632,8,9,retirement
u_552,45,101007.39251299632,8,8,wealth_creation
u_553,49,25567.114875466497,1,5,education
u_554,44,21810.94623742514,10,19,short_term
u_555,37,55522.73368834265,2,10,wealth_creation
u_556,41,44518.09143116938,8,11,short_term
u_557,29,50989.9046480456,1,25,wealth_creation
u_558,67,258907.23139595136,8,15,wealth_creation
u_559,52,196593.7129074372,8,6,education
u_560,50,162638.24299083502,2,15,education
u_561,50,96587.43940585316,4,5,short_term
u_562,68,41912.95196688874,6,29,short_term
u_563,60,46562.55131965938,9,19,retirement
u_564,54,59882.74119183352,8,22,education
u_565,29,108755.28277253849,8,19,wealth_creation
u_566,20,23559.379934751327,7,10,wealth_creation
u_567,18,47608.15890239148,9,12,retirement
u_568,50,24311.54754148278,2,22,education
u_569,57,56145.03150427386,3,4,wealth_creation
u_570,27,134582.6651698397,10,18,retirement
u_571,60,96274.35592528387,8,16,retirement
u_572,61,32928.33137170047,6,8,wealth_creation
u_573,46,206466.01272904483,10,4,wealth_creation
u_574,30,75033.27946936278,9,25,short_term
u_575,29,20524.12243970943,10,23,education
u_576,48,34746.31138397999,4,12,short_term
u_577,63,35103.47382315554,8,2,retirement
u_578,19,23588.459646186027,10,4,wealth_creation
u_579,68,180727.40773272104,3,5,short_term
u_580,67,52528.84404010458,3,3,retirement
u_581,52,133079.16247088343,8,9,education
u_582,40,39446.29466277693,5,29,wealth_creation
u_583,34,26689.918294811603,3,21,short_term
u_584,43,52154.663135205075,10,18,education
u_585,25,26049.469227856185,1,11,short_term
u_586,46,53278.10877083699,3,3,retirement
u_587,43,146472.51632131406,9,25,education
u_588,27,56778.53762043498,5,23,short_term
u_589,43,67920.74730185483,10,2,education
u_590,51,28517.975627240998,2,9,retirement
u_591,68,22236.04310974291,7,14,education
u_592,58,25872.10256252286,2,4,short_term
u_593,24,65631.3196491377,4,29,retirement
u_594,21,24991.66312145431,7,9,wealth_creation
u_595,67,43579.675817640134,4,13,short_term
u_596,62,59935.60146107868,7,18,short_term
u_597,28,44604.51150945155,7,15,retirement
u_598,46,28937.42547476313,1,28,retirement
u_599,53,35995.8925124973,6,10,wealth_creation
u_600,42,151775.4545971308,9,16,short_term
u_601,38,76347.85298528429,2,12,retirement
u_602,53,54263.69667157081,3,20,wealth_creation
u_603,27,20639.82080003431,10,5,wealth_creation
u_604,54,264081.77338847244,5,2,retirement
u_605,26,75654.06329876056,9,10,short_term
u_606,41,39057.34613485322,4,1,education
u_607,52,125709.37662673368,1,7,education
u_608,66,34949.395178673265,4,26,wealth_creation
u_609,52,59264.94139928126,6,17,education
u_610,65,70539.79180479156,5,16,education
u_611,53,32491.27930842529,1,27,retirement
u_612,35,211746.79953865608,4,27,wealth_creation
u_613,66,88954.40066229674,6,24,short_term
u_614,56,60801.14597217871,10,3,wealth_creation
u_615,49,29958.81607381408,10,14,retirement
u_616,41,22768.141713395642,4,10,education
u_617,40,39287.52368423451,9,22,short_term
u_618,49,89956.28375563047,5,7,wealth_creation
u_619,54,35689.756720781654,8,26,education
u_620,29,58778.22582532093,9,17,wealth_creation
u_621,66,85087.95141726709,10,6,short_term
u_622,30,25711.302411036733,5,23,wealth_creation
u_623,40,77806.4585441472,6,22,wealth_creation
u_624,42,24818.435816877038,1,4,wealth_creation
u_625,52,187806.0511526842,7,17,education
u_626,58,53510.03678312719,4,27,short_term
u_627,47,28165.733342396506,2,9,short_term
u_628,34,40956.67755862838,5,4,education
u_629,66,46672.008229499785,3,7,education
u_630,37,90979.11768959495,6,23,education
u_631,65,88016.47641000815,8,2,retirement
u_632,42,67329.83071771433,7,17,wealth_creation
u_633,39,25598.60020404061,3,24,wealth_creation
u_634,30,28218.347778072013,8,8,short_term
u_635,36,24922.38547084093,2,23,wealth_creation
u_636,66,63039.58272559376,10,15,retirement
u_637,53,124834.85491247594,9,15,education
u_638,29,48440.44055144115,4,8,short_term
u_639,58,28768.181408426157,1,16,short_term
u_640,36,60827.05798725674,8,19,wealth_creation
u_641,29,103499.80942752717,7,11,short_term
u_642,26,87684.01378616762,5,2,education
u_643,24,126621.35216266953,10,23,short_term
u_644,45,36279.72749518881,5,24,education
u_645,31,30780.715073649248,7,17,retirement
u_646,48,125936.77102732965,5,28,retirement
u_647,69,73582.98662443915,8,26,education
u_648,36,38620.54319034835,6,16,wealth_creation
u_649,64,87807.28190259081,5,25,short_term
u_650,33,104401.97874238058,9,15,wealth_creation
u_651,22,67722.77138485035,2,13,short_term
u_652,52,78219.0358723917,1,15,retirement
u_653,29,43520.97814211942,8,27,retirement
u_654,42,58684.864809318904,3,4,retirement
u_655,69,57133.59364770682,7,16,short_term
u_656,38,114209.46114543753,10,12,retirement
u_657,53,111617.81829241922,8,4,retirement
u_658,40,109392.49687491973,6,3,retirement
u_659,33,20554.645687878503,10,22,retirement
u_660,56,89223.89748350023,9,17,wealth_creation
u_661,62,91080.82332957142,7,22,retirement
u_662,59,76719.04472571355,10,18,retirement
u_663,56,90583.61529258256,5,25,wealth_creation
u_664,31,112248.63706812628,8,18,wealth_creation
u_665,48,51774.02212876575,2,23,short_term
u_666,22,54862.80186696435,7,28,education
u_667,52,26660.232695408158,4,17,retirement
u_668,40,44337.21949882433,9,12,retirement
u_669,46,71552.14668265649,1,23,retirement
u_670,60,95797.327499075,7,21,short_term
u_671,28,32244.48327572398,6,24,retirement
u_672,35,27414.728800477296,8,4,education
u_673,64,74389.84994164921,5,12,wealth_creation
u_674,29,20094.08263617751,1,26,short_term
u_675,26,29823.412613127264,1,23,wealth_creation
u_676,27,21475.11627953264,9,22,retirement
u_677,61,29129.186629243457,10,21,retirement
u_678,34,30003.055615788886,6,20,retirement
u_679,55,44524.48983674687,10,15,education
u_680,24,45735.58529780538,5,23,education
u_681,63,123677.9322391335,1,28,short_term
u_682,30,55678.690800316195,6,16,wealth_creation
u_683,57,84260.00445780909,6,5,retirement
u_684,59,25498.408950468256,3,21,retirement
u_685,26,32772.927301325864,8,15,retirement
u_686,67,80691.63619472696,1,17,retirement
u_687,44,22712.45980495129,1,18,education
u_688,19,53334.77285381071,6,5,wealth_creation
u_689,22,65735.71945564143,10,13,wealth_creation
u_690,46,66083.46402501862,1,19,short_term
u_691,54,21159.99294257856,6,13,education
u_692,55,39438.3651002097,1,18,retirement
u_693,36,70597.51315398744,6,14,wealth_creation
u_694,25,28067.142018045924,3,4,wealth_creation
u_695,65,79440.36066046296,8,4,education
u_696,62,88506.33009085254,6,20,short_term
u_697,18,220783.66711973597,1,20,short_term
u_698,39,31776.11735044157,5,19,retirement
u_699,69,107185.81281675416,8,13,short_term
u_700,34,56729.36173100919,3,12,wealth_creation
u_701,24,43377.34017728777,6,7,short_term
u_702,42,26526.89430056336,5,25,retirement
u_703,62,86496.76122293349,6,12,wealth_creation
u_704,21,33450.05593142109,10,21,short_term
u_705,53,43214.7578310053,1,4,short_term
u_706,23,23229.178208792662,7,27,education
u_707,48,100814.79771168275,9,2,retirement
u_708,36,92747.6195704014,2,2,short_term
u_709,61,86140.78820811085,10,5,education
u_710,56,37794.01373801744,5,23,wealth_creation
u_711,44,29526.562672026525,10,10,education
u_712,27,70743.88759766138,4,10,education
u_713,43,54275.459631175996,6,9,short_term
u_714,36,29816.103422793632,6,13,short_term
u_715,56,77903.987835836,2,7,short_term
u_716,20,256233.91443069695,2,5,education
u_717,62,88761.70514341022,4,26,wealth_creation
u_718,30,87351.06452178978,1,10,retirement
u_719,67,170100.34885037725,9,10,education
u_720,45,31341.038172392287,7,6,short_term
u_721,37,61683.71674772351,7,27,retirement
u_722,45,214725.64783622485,3,28,wealth_creation
u_723,25,29033.792244258933,3,19,retirement
u_724,58,80240.65110125285,1,21,short_term
u_725,56,64071.54128328381,3,8,education
u_726,18,64152.36013852781,3,1,education
u_727,20,79811.91092846789,4,28,short_term
u_728,30,152690.1213235672,4,17,education
u_729,45,96296.66171922587,3,7,short_term
u_730,66,22888.66502894347,10,14,education
u_731,42,115773.70983985424,8,21,education
u_732,50,32779.54919567474,8,21,education
u_733,55,43653.54961879557,1,17,wealth_creation
u_734,23,50970.010656321974,7,9,wealth_creation
u_735,61,52783.51480665343,2,17,short_term
u_736,62,48562.444476863784,1,5,wealth_creation
u_737,49,158512.20901406562,3,26,short_term
u_738,62,81212.0082825966,4,25,retirement
u_739,64,69871.05985371028,6,20,retirement
u_740,38,22556.35108336767,10,29,wealth_creation
u_741,33,137125.23425070883,5,8,retirement
u_742,38,140059.6407907246,4,6,retirement
u_743,28,95754.83360184073,8,11,education
u_744,54,20352.701252541327,4,19,education
u_745,53,22949.31157405751,10,4,short_term
u_746,52,32759.04696920208,2,18,retirement
u_747,36,27040.7157645991,3,1,short_term
u_748,37,45444.377627304624,6,13,short_term
u_749,35,147953.32254404348,8,14,retirement
u_750,64,51938.67302666047,8,24,wealth_creation
u_751,58,20674.662614520334,9,1,retirement
u_752,66,36616.240724451694,7,29,education
u_753,31,22280.99243630064,2,11,retirement
u_754,32,21848.11962989251,8,17,wealth_creation
u_755,48,36128.850910073095,7,4,short_term
u_756,18,36121.42930408491,8,26,short_term
u_757,20,97352.88341984364,3,12,education
u_758,33,204114.36705791185,7,10,education
u_759,40,43197.66597812275,10,6,education
u_760,28,48008.39891856605,9,25,short_term
u_761,29,113148.63041909797,3,1,education
u_762,27,35608.23506104166,10,7,retirement
u_763,49,28502.763081208464,6,26,short_term
u_764,33,115896.62805768497,2,27,wealth_creation
u_765,25,22380.823449062496,2,21,short_term
u_766,55,68339.66960258386,5,28,retirement
u_767,29,61276.001937728215,5,16,retirement
u_768,41,41226.314750840276,7,24,education
u_769,45,38930.65760679076,2,14,short_term
u_770,25,93889.29183321862,7,23,short_term
u_771,45,24519.468933421795,5,20,short_term
u_772,53,33510.729999051095,6,20,wealth_creation
u_773,43,85922.20371649164,8,6,education
u_774,25,59739.13034114348,10,22,retirement
u_775,67,26847.61664203572,4,25,retirement
u_776,45,126911.02945072824,7,28,education
u_777,45,44998.228173415344,6,5,retirement
u_778,54,107974.79175379111,10,24,retirement
u_779,58,97490.81096976929,2,21,education
u_780,53,68964.91414014263,8,18,retirement
u_781,44,54108.49572016943,10,15,short_term
u_782,34,214490.6745900083,9,6,wealth_creation
u_783,26,27830.647993099956,5,25,education
u_784,50,84577.53118589151,10,29,wealth_creation
u_785,37,30609.605731835305,4,19,retirement
u_786,30,40644.36210622229,6,1,retirement
u_787,45,38458.97891295464,8,1,short_term
u_788,65,166907.13050012788,3,13,education
u_789,46,191104.9826833621,10,3,retirement
u_790,30,30106.754394644333,1,10,education
u_791,63,21114.07804090112,4,21,education
u_792,52,83649.71946538314,4,3,education
u_793,23,47063.376782254374,1,9,education
u_794,35,24651.851747657176,9,8,education
u_795,68,77561.76105432346,3,3,wealth_creation
u_796,22,59384.490858723046,5,25,short_term
u_797,64,216910.19262234474,6,13,education
u_798,42,32900.305980581885,8,6,wealth_creation
u_799,19,45873.874617412876,6,13,retirement
u_800,27,59103.92579949402,3,23,education
u_801,47,98438.79376412155,6,20,retirement
u_802,67,59796.51289116854,1,20,education
u_803,62,67453.63184775968,4,12,wealth_creation
u_804,22,32818.67062884611,6,13,wealth_creation
u_805,50,113839.31548284787,7,2,wealth_creation
u_806,18,47985.96252429102,10,21,short_term
u_807,35,27596.967935486664,3,24,retirement
u_808,49,74560.17724148688,9,23,short_term
u_809,64,32173.0819624334,7,16,education
u_810,66,25132.792729848476,1,23,retirement
u_811,28,119020.33658443895,2,6,wealth_creation
u_812,38,50824.3337186664,1,19,retirement
u_813,43,89171.66543098714,9,21,wealth_creation
u_814,42,37165.91002887668,9,13,short_term
u_815,39,97316.14557236493,7,17,short_term
u_816,44,25935.569216896332,10,23,wealth_creation
u_817,66,42000.76043467087,3,9,wealth_creation
u_818,30,210976.33443567785,5,17,education
u_819,50,98991.45954474424,4,29,short_term
u_820,51,54383.70230758412,7,2,short_term
u_821,58,40758.91682443007,9,19,education
u_822,52,122839.28669257191,2,19,short_term
u_823,18,59356.16602885518,8,24,wealth_creation
u_824,38,91028.7684532987,9,7,retirement
u_825,65,90143.07818708615,10,22,retirement
u_826,23,20905.432750878954,10,10,short_term
u_827,45,26748.265740993524,9,10,education
u_828,34,73886.00781296175,10,27,wealth_creation
u_829,22,28814.179778398226,7,20,retirement
u_830,48,34751.67437751426,9,9,wealth_creation
u_831,22,166532.776926107,9,17,short_term
u_832,55,61069.74307317303,3,27,short_term
u_833,20,89460.83274306855,4,15,retirement
u_834,40,60820.091021953245,2,2,short_term
u_835,54,60205.45829127623,10,4,education
u_836,54,24944.18291089827,3,19,short_term
u_837,27,41054.059794763576,5,17,short_term
u_838,27,36594.30137674336,5,5,short_term
u_839,36,44774.553862020904,6,7,wealth_creation
u_840,34,100059.64684869157,7,18,wealth_creation
u_841,38,43255.39507841734,7,21,retirement
u_842,31,50046.34477215119,1,22,retirement
u_843,26,45323.53853635625,2,27,retirement
u_844,63,24903.13668902121,9,7,short_term
u_845,18,49086.74493432519,10,17,wealth_creation
u_846,68,30883.507452613434,2,7,education
u_847,62,30334.193886872952,6,4,short_term
u_848,30,24937.79120510761,1,8,short_term
u_849,21,42054.94906654391,3,13,short_term
u_850,18,90833.94347476686,2,4,education
u_851,66,36178.707131566596,3,6,retirement
u_852,57,38723.69926794442,5,25,education
u_853,49,71455.42945793988,10,5,retirement
u_854,51,30897.90175532886,6,12,education
u_855,45,133630.89658262354,9,4,wealth_creation
u_856,48,56718.30886579494,10,24,short_term
u_857,25,49674.409013555865,4,29,short_term
u_858,56,60801.93370186784,7,9,short_term
u_859,43,29078.15103273405,6,4,retirement
u_860,51,67527.6957188264,2,19,education
u_861,20,42557.188909918696,10,24,wealth_creation
u_862,67,133741.85323967642,8,14,education
u_863,29,29247.50281436188,7,5,short_term
u_864,18,55367.48846343389,7,18,wealth_creation
u_865,61,65579.17010892631,8,10,wealth_creation
u_866,22,21697.677743790246,1,25,short_term
u_867,47,42603.716188331215,1,19,education
u_868,47,85957.06953815967,8,12,short_term
u_869,34,105844.89470172212,4,18,education
u_870,65,38782.84074406652,5,17,wealth_creation
u_871,64,100121.44474995682,8,24,wealth_creation
u_872,40,191720.97440556524,5,11,short_term
u_873,32,117201.47355824006,10,3,wealth_creation
u_874,54,26257.98314369817,4,23,retirement
u_875,38,87301.85005921104,6,17,wealth_creation
u_876,31,39258.63242530512,5,1,retirement
u_877,19,242906.4764663232,7,15,wealth_creation
u_878,28,53214.283802668084,10,28,short_term
u_879,68,26530.14984868803,7,9,short_term
u_880,56,84582.95645706075,4,15,retirement
u_881,55,39505.027369876574,5,28,short_term
u_882,51,311777.0362683774,3,24,wealth_creation
u_883,55,215060.23141963157,4,28,wealth_creation
u_884,67,73375.16423933524,4,29,short_term
u_885,51,26953.13016321224,3,3,wealth_creation
u_886,35,78055.40450694645,10,22,education
u_887,47,24882.322092324688,5,27,education
u_888,32,21490.195807748474,5,19,wealth_creation
u_889,44,106568.54034257727,7,13,short_term
u_890,68,31770.482897906633,4,12,retirement
u_891,51,43823.39397574787,4,20,short_term
u_892,69,201450.1955945284,9,1,retirement
u_893,55,40536.987369171795,6,21,short_term
u_894,50,37583.64384970952,4,17,wealth_creation
u_895,41,145178.79175275605,2,13,education
u_896,32,25868.755992458893,6,1,short_term
u_897,47,91268.89548787613,2,10,retirement
u_898,59,241416.37492783813,5,15,education
u_899,68,135781.4957838039,6,27,retirement
u_900,34,72729.9498815155,4,27,wealth_creation
u_901,22,38848.313881091846,3,7,education
u_902,46,34673.069105372604,7,28,retirement
u_903,21,105533.43305305533,2,22,short_term
u_904,27,125939.0292956034,6,18,wealth_creation
u_905,34,57267.82498647364,4,16,wealth_creation
u_906,27,34008.18305268201,6,14,wealth_creation
u_907,34,25992.313606411528,4,27,short_term
u_908,37,24560.7993538098,4,28,short_term
u_909,41,83483.8130497825,4,18,education
u_910,22,47246.59497909808,9,27,short_term
u_911,51,137883.68654440093,7,7,education
u_912,23,87290.51092279599,3,17,wealth_creation
u_913,19,30613.91573759007,3,29,education
u_914,30,67567.07202575024,6,18,retirement
u_915,60,48591.22788959539,6,12,wealth_creation
u_916,60,63048.68271732185,4,8,wealth_creation
u_917,65,86983.731978325,9,22,education
u_918,28,102045.36629504611,4,2,wealth_creation
u_919,68,112810.84413289903,9,7,short_term
u_920,64,34649.79995735915,4,4,retirement
u_921,40,21580.49861841451,2,18,education
u_922,33,87218.23816257404,2,28,education
u_923,48,25621.70295054694,5,6,wealth_creation
u_924,28,38910.95293616346,4,27,short_term
u_925,33,20191.221898662352,7,9,wealth_creation
u_926,25,77233.25362246636,5,27,wealth_creation
u_927,21,29144.006326522693,6,9,education
u_928,57,73251.48879928823,10,14,wealth_creation
u_929,21,259832.37950314762,4,8,retirement
u_930,42,23772.336481179907,2,19,wealth_creation
u_931,20,24010.528402102445,10,3,wealth_creation
u_932,49,40804.575391720624,9,18,education
u_933,20,120640.20408706726,10,5,wealth_creation
u_934,44,32137.33906001613,7,14,short_term
u_935,46,42343.88102955023,4,28,education
u_936,49,23548.244658654876,3,4,wealth_creation
u_937,67,92017.52949940579,10,7,retirement
u_938,68,46238.31244549219,3,20,retirement
u_939,36,91199.54829249032,9,25,education
u_940,38,136966.5226784328,5,28,education
u_941,22,33247.98604921592,3,12,wealth_creation
u_942,35,102355.9584463417,5,2,short_term
u_943,45,23045.596064556048,2,11,wealth_creation
u_944,59,134556.24472243147,4,14,retirement
u_945,39,72601.01945403079,10,22,short_term
u_946,38,123663.7195407601,2,23,short_term
u_947,23,20009.420865300384,2,16,short_term
u_948,18,29261.152323708928,8,20,wealth_creation
u_949,22,44695.09763733341,1,29,retirement
u_950,58,43861.71767187063,7,6,education
u_951,29,32856.37490478554,5,23,wealth_creation
u_952,43,44031.95447859527,8,4,education
u_953,63,26896.98113045922,1,15,short_term
u_954,51,46616.18035593485,7,24,short_term
u_955,66,101063.96963188764,5,25,wealth_creation
u_956,31,52606.98621985991,4,1,retirement
u_957,43,20908.20306016253,7,7,short_term
u_958,62,47361.000341318955,10,25,education
u_959,44,21377.554281380915,2,12,education
u_960,26,189428.98212015137,1,10,wealth_creation
u_961,43,26816.992886399457,1,5,education
u_962,64,81496.73351870355,1,12,retirement
u_963,39,200183.4101210615,5,18,short_term
u_964,64,107446.22199111184,10,10,education
u_965,47,80084.66607048191,7,6,education
u_966,60,111460.8905777148,2,28,short_term
u_967,65,220313.09443050946,10,12,wealth_creation
u_968,34,68556.42254936876,8,7,education
u_969,43,60956.47772359108,4,18,wealth_creation
u_970,53,69475.0855769701,3,2,wealth_creation
u_971,18,58036.61147060032,10,10,education
u_972,25,70405.1040491623,8,15,retirement
u_973,66,49877.507365332924,2,12,wealth_creation
u_974,52,32323.371455939712,3,26,education
u_975,69,26405.71750992565,3,17,wealth_creation
u_976,32,23539.417093925887,10,4,short_term
u_977,64,35279.79752313768,1,7,retirement
u_978,39,22361.05691435486,6,9,retirement
u_979,31,61870.60198396787,2,19,short_term
u_980,43,36691.777079580854,1,28,short_term
u_981,45,107015.72962128912,2,27,wealth_creation
u_982,40,23857.060009562687,6,23,short_term
u_983,31,32831.88177977569,4,7,retirement
u_984,41,85512.26958420794,6,23,short_term
u_985,19,65665.79510150655,9,2,education
u_986,62,23333.240136937286,10,6,education
u_987,43,124875.9813648376,10,18,wealth_creation
u_988,31,124885.06722018866,8,6,retirement
u_989,68,40054.33565489034,1,13,education
u_990,24,40806.52736324641,8,26,short_term
u_991,20,245622.06834321521,9,19,education
u_992,64,69198.53197927953,6,2,education
u_993,40,57891.38111564817,10,12,wealth_creation
u_994,63,111054.93949541663,5,15,short_term
u_995,60,36793.94431942634,6,14,short_term
u_996,64,48034.29493717177,6,6,short_term
u_997,62,35583.48617100273,9,18,wealth_creation
u_998,35,97832.98711584246,4,5,short_term
u_999,55,62589.487013667516,2,18,short_term
u_1000,52,73767.9971220916,9,3,education
u_1001,68,34538.15736053963,2,3,education
u_1002,32,32437.512447136483,10,22,short_term
u_1003,42,53508.1309498001,9,22,retirement
u_1004,54,86887.73505292856,2,10,retirement
u_1005,45,57247.26775260153,8,19,short_term
u_1006,27,21659.521826090077,9,3,retirement
u_1007,56,121457.00935680892,10,29,wealth_creation
u_1008,34,23343.69662525662,9,12,education
u_1009,56,175979.22868541663,10,29,wealth_creation
u_1010,39,21273.17084089209,9,16,education
u_1011,43,79282.16702304398,2,17,retirement
u_1012,61,24289.173670146476,4,7,retirement
u_1013,42,140774.577856126,7,13,short_term
u_1014,34,51221.48606415675,2,24,retirement
u_1015,30,27397.38477308896,1,2,retirement
u_1016,37,40837.60585496314,3,4,short_term
u_1017,42,29005.680326361293,4,10,short_term
u_1018,21,29351.546116868332,8,7,education
u_1019,27,167929.8406625026,6,24,retirement
u_1020,20,49461.53545724688,2,17,education
u_1021,58,97748.0223228172,9,20,education
u_1022,62,71027.80919688556,2,6,wealth_creation
u_1023,35,76416.42814666772,5,19,retirement
u_1024,64,27060.522259592974,4,5,retirement
u_1025,53,33340.69652119786,7,10,wealth_creation
u_1026,64,97264.58321309663,8,9,education
u_1027,39,196621.49631851728,5,27,retirement
u_1028,51,35236.3689294214,10,13,education
u_1029,64,35843.10250239355,5,19,wealth_creation
u_1030,25,52017.97777907127,2,21,short_term
u_1031,57,226261.77929713973,8,24,education
u_1032,66,35664.28295746356,2,6,retirement
u_1033,61,46125.67555904876,10,4,short_term
u_1034,36,131041.04675801663,6,24,education
u_1035,59,20146.265358161487,8,27,education
u_1036,58,22028.911888055398,6,3,short_term
u_1037,54,66326.10434078611,4,3,short_term
u_1038,23,138962.5978151731,4,4,short_term
u_1039,69,33646.679098055,6,25,retirement
u_1040,43,51710.13019612538,4,5,retirement
u_1041,51,49934.16809161739,8,8,education
u_1042,62,52025.01800917946,9,16,education
u_1043,23,68711.84428863523,1,22,wealth_creation
u_1044,54,51719.746160635725,4,3,retirement
u_1045,50,49662.20922439401,4,24,education
u_1046,39,52150.12722235927,2,12,short_term
u_1047,38,64685.80354890314,6,25,short_term
u_1048,23,58502.219928587336,3,8,retirement
u_1049,23,116254.02910688966,7,13,short_term
u_1050,65,22538.19033447512,5,4,wealth_creation
u_1051,21,109583.0951412943,4,14,education
u_1052,47,112870.80679862654,5,14,education
u_1053,28,36767.20516731308,8,13,education
u_1054,47,51074.076674248936,3,27,retirement
u_1055,48,48860.602653949725,7,6,short_term
u_1056,41,32327.63565731041,6,17,wealth_creation
u_1057,26,45275.06176615665,1,4,retirement
u_1058,20,22270.153382106342,7,8,education
u_1059,68,36274.1866929712,7,17,wealth_creation
u_1060,48,104826.6943184752,1,3,education
u_1061,57,36743.037910916835,9,17,education
u_1062,54,105244.23898475457,6,9,retirement
u_1063,53,57921.57521142755,2,2,education
u_1064,41,125955.9917575938,5,25,wealth_creation
u_1065,48,62757.377434273876,4,13,education
u_1066,23,21505.861394440453,7,20,short_term
u_1067,19,76261.1939763689,8,2,education
u_1068,37,22294.53091715247,1,20,retirement
u_1069,45,49946.153969290026,5,28,wealth_creation
u_1070,28,152555.16573341936,3,11,retirement
u_1071,21,29028.391134519065,1,27,short_term
u_1072,32,44704.354311659634,3,26,education
u_1073,23,85440.80395703044,6,22,retirement
u_1074,66,126963.2105975796,7,15,retirement
u_1075,47,75576.21526779968,8,11,retirement
u_1076,55,34931.97796468778,4,23,retirement
u_1077,68,76136.21088026185,3,3,short_term
u_1078,19,37600.55192255793,5,3,short_term
u_1079,32,83368.57295789797,9,28,education
u_1080,28,173991.71534142664,6,26,education
u_1081,25,83897.73557371995,9,12,wealth_creation
u_1082,43,119345.12459101736,6,24,short_term
u_1083,68,20105.30296814116,2,5,retirement
u_1084,62,83216.60348884412,5,20,retirement
u_1085,61,108476.68220808619,9,7,wealth_creation
u_1086,22,22070.209111717446,8,7,retirement
u_1087,23,122629.35938177494,7,13,wealth_creation
u_1088,43,34832.389116375634,1,9,education
u_1089,21,74724.85368632164,4,25,short_term
u_1090,36,100560.69418274227,7,21,wealth_creation
u_1091,37,74333.8666805909,7,13,retirement
u_1092,50,24841.229861816504,6,12,wealth_creation
u_1093,37,65356.827831603056,8,13,education
u_1094,66,59879.14583370468,6,24,retirement
u_1095,29,135290.1472737636,10,10,education
u_1096,64,45895.84618900066,3,1,education
u_1097,18,39362.67973099489,4,25,wealth_creation
u_1098,43,89284.8798482455,3,8,education
u_1099,31,46608.8752439064,1,22,retirement
u_1100,55,71936.50417827704,10,16,education
u_1101,54,71986.53079226236,5,13,education
u_1102,28,129480.2628728836,1,3,wealth_creation
u_1103,53,65651.35346087057,1,3,education
u_1104,30,54873.18516390264,2,24,short_term
u_1105,60,27475.56695132551,4,5,wealth_creation
u_1106,20,26150.07176821184,6,26,wealth_creation
u_1107,50,28380.80462199793,8,11,retirement
u_1108,23,29427.957388592335,3,7,retirement
u_1109,67,70788.58008763153,1,21,retirement
u_1110,27,87542.7413570292,3,24,retirement
u_1111,22,57750.227405695834,3,10,short_term
u_1112,40,108309.77134765196,5,10,wealth_creation
u_1113,27,257010.7174486932,4,20,education
u_1114,61,105743.42961637897,4,2,retirement
u_1115,19,79352.89583218182,9,3,retirement
u_1116,30,58017.015709905005,7,8,retirement
u_1117,57,49787.692389918666,4,11,education
u_1118,19,24408.36845607782,3,13,retirement
u_1119,37,45488.7045405877,6,7,education
u_1120,18,140472.1346484759,3,13,wealth_creation
u_1121,54,102518.8888998752,6,2,wealth_creation
u_1122,26,32170.588868728748,9,6,wealth_creation
u_1123,34,51424.91309118465,6,9,short_term
u_1124,26,104837.88572869693,4,20,education
u_1125,28,23488.116664419995,5,25,retirement
u_1126,32,44501.54908009761,6,2,retirement
u_1127,41,115473.54281752012,3,18,retirement
u_1128,55,45867.162887833794,8,16,retirement
u_1129,52,24039.609346100817,4,25,short_term
u_1130,47,59102.675978163104,8,12,retirement
u_1131,48,118931.86768739315,10,7,short_term
u_1132,66,64614.740407116784,10,7,education
u_1133,22,32827.20376769749,3,17,wealth_creation
u_1134,61,44244.86924279096,10,13,retirement
u_1135,67,49903.06594855644,7,11,wealth_creation
u_1136,31,63287.76574634627,9,6,education
u_1137,28,91220.79728336279,4,29,education
u_1138,26,25205.488111063405,8,23,retirement
u_1139,51,130205.8284903602,3,27,education
u_1140,29,20619.304748286664,7,14,wealth_creation
u_1141,52,43105.92669793271,3,6,retirement
u_1142,52,21390.163168693653,7,6,short_term
u_1143,18,44959.201323026675,10,2,retirement
u_1144,57,57307.63371974473,10,22,wealth_creation
u_1145,39,55839.35949118624,6,20,retirement
u_1146,46,29053.817441060615,2,25,retirement
u_1147,25,71886.28060246167,3,15,wealth_creation
u_1148,28,22290.598820317322,6,28,retirement
u_1149,58,91754.6584941416,4,17,retirement
u_1150,54,166538.84883292476,6,29,wealth_creation
u_1151,31,40758.26216983984,1,8,education
u_1152,47,56411.71812511606,10,5,wealth_creation
u_1153,52,43813.986385419485,1,17,retirement
u_1154,38,20336.65031021005,3,20,short_term
u_1155,54,44377.798952068406,8,1,short_term
u_1156,22,98443.65977306692,8,22,wealth_creation
u_1157,36,65315.63915223243,4,18,short_term
u_1158,31,25338.07007842031,6,15,retirement
u_1159,43,113911.47353917488,8,5,retirement
u_1160,21,57866.724956577134,7,7,wealth_creation
u_1161,42,112170.54509581866,7,18,retirement
u_1162,62,63401.40662606065,4,6,education
u_1163,59,61013.63613631819,9,22,retirement
u_1164,42,25561.05975230771,10,21,wealth_creation
u_1165,35,29157.67912989,6,5,education
u_1166,57,198822.65968025653,3,19,education
u_1167,25,32970.071439218606,5,10,short_term
u_1168,56,209605.7070814716,5,15,retirement
u_1169,57,57955.02379686105,5,10,wealth_creation
u_1170,31,27296.919074455072,8,27,short_term
u_1171,49,25229.27428986994,9,16,short_term
u_1172,68,31714.274055273985,9,12,retirement
u_1173,55,149940.0605356464,6,18,retirement
u_1174,50,46734.59388893671,6,23,wealth_creation
u_1175,40,45162.24385136305,9,1,short_term
u_1176,32,38786.06331467882,4,16,wealth_creation
u_1177,50,27953.41217880615,6,22,short_term
u_1178,42,53457.0032841953,4,6,short_term
u_1179,34,26965.849563419775,1,3,short_term
u_1180,50,110236.22862104475,7,2,retirement
u_1181,64,43133.289758060855,10,28,short_term
u_1182,19,43484.469353792636,6,2,short_term
u_1183,31,52123.314388498824,9,13,short_term
u_1184,57,49360.835552751414,7,9,education
u_1185,57,283515.3965406844,7,16,retirement
u_1186,68,59414.79200448188,2,27,education
u_1187,56,24616.823990248515,9,5,retirement
u_1188,68,66681.6803930843,10,23,wealth_creation
u_1189,23,28219.22713184107,9,28,education
u_1190,23,21571.31595196485,6,21,wealth_creation
u_1191,20,196580.37454632364,3,7,short_term
u_1192,24,94259.10276783362,1,13,wealth_creation
u_1193,68,215874.37647345278,4,20,wealth_creation
u_1194,25,52492.743000591094,3,24,wealth_creation
u_1195,59,57991.87073785393,1,29,wealth_creation
u_1196,69,29216.395764434987,3,27,retirement
u_1197,32,34178.355969309516,4,26,education
u_1198,64,111177.74595006857,8,13,retirement
u_1199,46,42017.24331789254,9,27,retirement
u_1200,50,107669.73701905472,3,26,retirement
u_1201,69,81723.95877106106,6,7,wealth_creation
u_1202,47,29750.339275136997,10,10,retirement
u_1203,56,55407.5961509798,5,15,education
u_1204,44,76565.14065646841,6,21,retirement
u_1205,53,33396.40465706405,4,27,short_term
u_1206,46,108800.75637635904,10,6,wealth_creation
u_1207,55,59353.957856111156,6,5,short_term
u_1208,50,29030.673846220896,7,23,education
u_1209,54,63731.58552768186,9,28,education
u_1210,44,427941.7105980391,10,2,education
u_1211,50,28156.631869097804,7,21,education
u_1212,21,104847.08783861942,6,15,retirement
u_1213,39,31616.089841314013,1,26,wealth_creation
u_1214,19,96252.15662213124,2,16,education
u_1215,27,86321.69885638262,1,19,short_term
u_1216,22,37868.715536250675,9,9,education
u_1217,27,39713.13828261793,10,29,wealth_creation
u_1218,50,98636.35192115577,10,22,short_term
u_1219,55,50943.33012613855,9,29,short_term
u_1220,30,85618.38274474243,7,26,short_term
u_1221,48,28007.507297389482,2,19,retirement
u_1222,64,115715.94608292685,6,7,education
u_1223,53,82046.4883098705,4,4,retirement
u_1224,62,138727.05080366554,1,3,short_term
u_1225,41,27099.633223844932,1,24,retirement
u_1226,69,64948.886079791475,5,29,retirement
u_1227,32,65704.73038609436,2,20,retirement
u_1228,46,41806.06782341239,4,11,education
u_1229,25,50667.51049871927,1,1,short_term
u_1230,22,21936.083176035707,4,6,short_term
u_1231,46,88493.50673484181,6,26,education
u_1232,64,59850.16135864007,10,11,retirement
u_1233,21,22973.757516149584,4,27,retirement
u_1234,29,77089.96215020498,1,1,wealth_creation
u_1235,62,51441.253882379315,7,21,wealth_creation
u_1236,19,21753.452651753472,2,7,wealth_creation
u_1237,44,194678.3437756008,9,6,education
u_1238,48,168906.54757299673,3,14,short_term
u_1239,68,55964.53992256432,8,2,wealth_creation
u_1240,68,24917.723586941152,8,27,short_term
u_1241,53,90247.61140133007,3,4,short_term
u_1242,53,53856.91054437007,4,11,short_term
u_1243,43,38008.87340889867,2,15,education
u_1244,60,53806.45834781834,4,18,education
u_1245,44,56953.70764646538,9,27,education
u_1246,22,61358.12868867455,2,1,education
u_1247,37,49100.30446243842,3,3,wealth_creation
u_1248,28,66539.17522191127,4,3,retirement
u_1249,27,145501.81491615553,5,28,retirement
u_1250,57,42491.864157993434,1,7,retirement
u_1251,55,84679.64509349334,7,1,wealth_creation
u_1252,23,132429.7364400752,10,25,retirement
u_1253,25,50438.3968411151,7,11,wealth_creation
u_1254,40,49300.43759070468,9,6,wealth_creation
u_1255,64,66079.86249783478,4,20,wealth_creation
u_1256,43,64751.75698098301,6,3,retirement
u_1257,63,102146.97952925415,2,19,short_term
u_1258,60,52359.32542708175,4,2,retirement
u_1259,29,297634.0315404375,2,18,retirement
u_1260,43,23065.6700445888,10,12,education
u_1261,30,20158.64384174952,5,29,wealth_creation
u_1262,57,71110.11323787464,7,10,short_term
u_1263,35,37722.08001126973,1,5,education
u_1264,42,33747.00576731612,10,9,short_term
u_1265,50,38690.98828829243,10,2,short_term
u_1266,64,34788.90888927186,7,2,wealth_creation
u_1267,57,21563.70117715987,10,28,retirement
u_1268,60,197950.5623218414,6,6,wealth_creation
u_1269,29,32470.878537481512,6,29,wealth_creation
u_1270,61,86218.54329470049,8,10,education
u_1271,53,91899.68051462316,8,18,wealth_creation
u_1272,65,152435.3656699673,6,12,retirement
u_1273,21,21551.29092950995,3,4,short_term
u_1274,22,122805.13652526324,5,22,wealth_creation
u_1275,54,57456.90942250484,2,21,short_term
u_1276,25,70057.59973254878,5,17,wealth_creation
u_1277,59,71707.32122864523,9,15,short_term
u_1278,66,105683.78764436173,10,6,wealth_creation
u_1279,45,40278.80487529628,1,16,education
u_1280,48,86034.9180642517,10,17,short_term
u_1281,26,57600.09264106491,5,3,wealth_creation
u_1282,68,98847.08751658599,6,10,wealth_creation
u_1283,46,253066.04064444406,7,5,education
u_1284,31,31197.882718044428,9,14,education
u_1285,57,281520.24181429215,6,26,education
u_1286,58,24705.213845431615,5,29,short_term
u_1287,39,20116.011878769496,7,21,short_term
u_1288,28,22258.338479303984,1,13,education
u_1289,40,40910.98552169556,5,26,retirement
u_1290,18,70106.9116867053,2,6,retirement
u_1291,63,23576.386624272287,4,12,wealth_creation
u_1292,54,20284.096307123506,7,26,retirement
u_1293,38,158303.32468155146,5,8,wealth_creation
u_1294,43,106277.98279814183,6,5,short_term
u_1295,63,102822.06611400378,2,15,short_term
u_1296,53,127891.4670243943,3,27,retirement
u_1297,40,80204.35267128986,7,16,short_term
u_1298,18,25513.300271027987,2,1,education
u_1299,68,45466.353031451436,6,16,education
u_1300,57,84213.87903960526,5,5,retirement
u_1301,32,36448.4351888056,10,3,retirement
u_1302,38,78142.56099615859,1,20,wealth_creation
u_1303,64,21240.176410781285,10,15,short_term
u_1304,26,38274.06177903293,4,13,wealth_creation
u_1305,26,59828.848760447494,2,24,wealth_creation
u_1306,27,69995.82362650326,4,16,education
u_1307,69,63023.96190183364,1,23,education
u_1308,43,79826.07771068768,2,11,education
u_1309,58,20305.36801275558,8,21,education
u_1310,52,25320.342030886,6,2,wealth_creation
u_1311,69,121606.62455914276,2,22,education
u_1312,42,77245.68905178717,6,27,short_term
u_1313,43,25991.661694951417,10,6,education
u_1314,28,112281.57398720959,9,26,education
u_1315,55,33868.84882903985,7,26,education
u_1316,19,52529.28387585556,9,27,retirement
u_1317,24,27844.18380468672,5,6,short_term
u_1318,35,81912.69664671322,7,14,short_term
u_1319,44,74958.7855201567,7,25,wealth_creation
u_1320,51,31856.57586519239,3,11,wealth_creation
u_1321,44,119535.19728742405,7,8,education
u_1322,34,45650.23516345023,1,8,retirement
u_1323,60,37301.948991377954,9,1,wealth_creation
u_1324,61,28263.16927810729,10,21,wealth_creation
u_1325,68,35473.758822706346,6,7,education
u_1326,41,21113.656806995412,5,6,education
u_1327,42,63764.33679059314,7,21,wealth_creation
u_1328,24,112331.08666530636,5,8,wealth_creation
u_1329,69,59812.229553283534,10,19,short_term
u_1330,23,32376.548709733222,5,22,retirement
u_1331,41,21712.451889023727,10,21,short_term
u_1332,50,32079.89406883644,7,24,wealth_creation
u_1333,66,46903.11212762658,10,20,short_term
u_1334,46,91274.93088998669,7,8,short_term
u_1335,60,30403.07130939077,3,26,wealth_creation
u_1336,39,83611.05717991228,3,14,education
u_1337,43,120845.30189409586,10,18,wealth_creation
u_1338,45,50251.948009416425,3,25,education
u_1339,67,106139.28755615254,6,29,wealth_creation
u_1340,38,60445.56443508444,6,16,wealth_creation
u_1341,66,70680.13579624063,3,9,wealth_creation
u_1342,24,57356.77994912819,3,15,retirement
u_1343,34,51103.94344461101,8,26,education
u_1344,37,33371.326522524054,8,10,retirement
u_1345,58,38062.416401122224,7,29,wealth_creation
u_1346,66,37122.41119187248,10,22,short_term
u_1347,37,61424.1735893005,4,16,retirement
u_1348,39,26389.037566529467,4,4,education
u_1349,45,144320.40323878115,3,20,wealth_creation
u_1350,57,83765.4111007791,5,13,retirement
u_1351,66,45661.89579298568,3,22,short_term
u_1352,24,28635.840194756594,8,5,retirement
u_1353,18,126850.21492134323,7,22,education
u_1354,49,106800.56132260241,3,7,retirement
u_1355,30,83956.65288180111,9,23,short_term
u_1356,47,35841.611832100025,5,9,short_term
u_1357,40,45745.58447149515,9,8,education
u_1358,68,25420.940064278566,7,29,short_term
u_1359,36,30476.79809233112,7,16,wealth_creation
u_1360,49,96396.72990216549,6,6,short_term
u_1361,47,82770.09817795656,2,28,wealth_creation
u_1362,46,65006.81635890714,9,16,retirement
u_1363,66,133037.00953568117,6,6,wealth_creation
u_1364,62,63765.419648052906,8,14,wealth_creation
u_1365,46,51458.690951337594,1,21,retirement
u_1366,47,40803.86693109102,5,1,short_term
u_1367,33,161045.69454520405,1,25,wealth_creation
u_1368,57,24316.878104023002,10,9,short_term
u_1369,36,153600.89080734167,8,25,retirement
u_1370,35,107640.78393158497,8,27,education
u_1371,18,26959.076203325774,1,24,short_term
u_1372,31,61618.66445863712,9,13,short_term
u_1373,68,120700.66397986545,2,26,education
u_1374,64,62409.315167624685,9,29,education
u_1375,67,138865.33581768544,1,19,retirement
u_1376,19,163221.00679679707,10,17,short_term
u_1377,45,47442.344749511205,9,11,short_term
u_1378,66,43685.617816498925,4,28,retirement
u_1379,67,157695.1429492577,9,28,short_term
u_1380,47,76218.05734624076,7,8,wealth_creation
u_1381,55,26166.1937153666,6,23,wealth_creation
u_1382,68,22160.604364569146,5,29,wealth_creation
u_1383,21,61577.84274777128,9,5,short_term
u_1384,18,153085.26938868032,2,10,wealth_creation
u_1385,25,112974.7395043238,2,7,wealth_creation
u_1386,46,76327.09776234473,9,10,retirement
u_1387,56,27489.766758243604,3,4,retirement
u_1388,20,34666.99463863661,8,9,education
u_1389,49,124176.98701282985,9,27,education
u_1390,27,30094.01357536366,8,26,education
u_1391,27,36316.94620227386,4,14,education
u_1392,36,26940.157551863336,1,2,retirement
u_1393,63,76367.29332857352,4,25,retirement
u_1394,51,164104.38312499053,9,9,retirement
u_1395,50,35664.904388047034,2,21,wealth_creation
u_1396,40,52256.59038033611,3,27,wealth_creation
u_1397,45,70302.53136245966,10,1,education
u_1398,49,396778.9825173169,8,23,wealth_creation
u_1399,67,25535.85655911282,6,10,short_term
u_1400,24,54514.64285156535,8,10,retirement
u_1401,46,44316.4173583543,7,20,education
u_1402,25,120428.71640983765,5,25,education
u_1403,18,52310.10072591831,9,22,short_term
u_1404,20,25881.638105315527,4,29,wealth_creation
u_1405,41,70314.07422447405,6,3,education
u_1406,40,93653.78675841229,2,6,wealth_creation
u_1407,25,20144.270523073712,2,29,wealth_creation
u_1408,64,117934.41200902517,2,26,short_term
u_1409,54,30291.158445700385,10,6,education
u_1410,20,60155.84451852052,7,21,wealth_creation
u_1411,68,46875.380542900035,2,2,wealth_creation
u_1412,50,83586.50351199246,2,26,short_term
u_1413,45,43194.04972711262,9,26,short_term
u_1414,64,121920.03840045116,7,18,wealth_creation
u_1415,25,85558.66928942029,3,23,short_term
u_1416,51,72165.47901315994,3,2,wealth_creation
u_1417,52,99540.76855898138,7,12,education
u_1418,49,90125.86926771655,5,22,retirement
u_1419,41,21830.018558417487,10,5,short_term
u_1420,31,45104.391638335335,6,20,retirement
u_1421,49,153542.99372347275,8,7,wealth_creation
u_1422,63,26717.973568911573,9,24,wealth_creation
u_1423,60,86798.4213057693,1,16,wealth_creation
u_1424,33,203634.1884270382,3,20,retirement
u_1425,21,22680.51614947208,7,1,wealth_creation
u_1426,69,77315.68848210151,6,1,short_term
u_1427,54,51570.07854553404,7,17,education
u_1428,38,63276.94077601077,8,27,education
u_1429,31,24460.216432169866,6,1,short_term
u_1430,48,22197.957589217214,3,21,education
u_1431,65,74960.62251909463,2,20,retirement
u_1432,35,106667.76336775471,7,13,wealth_creation
u_1433,24,96166.5281198246,1,9,wealth_creation
u_1434,27,59241.82624069989,3,15,wealth_creation
u_1435,24,25260.627504495664,4,3,retirement
u_1436,50,78244.7274755857,1,14,retirement
u_1437,40,33846.26562330224,5,23,retirement
u_1438,38,140994.55742782942,10,11,short_term
u_1439,36,111089.91543307372,3,24,retirement
u_1440,65,81787.4458325155,2,22,education
u_1441,36,168645.68624124644,3,12,short_term
u_1442,53,21596.30390930642,8,13,short_term
u_1443,46,86628.28249997731,6,26,short_term
u_1444,35,40041.999474144075,7,13,retirement
u_1445,19,138258.08270112783,6,1,short_term
u_1446,18,35508.32800916386,6,24,retirement
u_1447,64,84523.12483719815,3,10,retirement
u_1448,22,125042.2565090579,8,3,short_term
u_1449,37,22127.466900067702,7,24,wealth_creation
u_1450,28,45345.629450115965,7,28,wealth_creation
u_1451,59,91839.19514530101,6,4,short_term
u_1452,19,50341.03344004441,5,16,wealth_creation
u_1453,20,35547.71441672936,10,8,education
u_1454,40,32410.591882041794,8,16,education
u_1455,29,27050.43631205417,5,27,retirement
u_1456,37,117290.85361905285,9,17,wealth_creation
u_1457,22,62825.13514243702,9,19,education
u_1458,54,23972.99506394625,1,22,short_term
u_1459,55,44110.314879893325,6,15,wealth_creation
u_1460,47,42922.22675080369,7,16,education
u_1461,26,30028.707771692774,3,15,education
u_1462,51,48591.42019244608,7,25,short_term
u_1463,61,40180.793354924244,7,2,retirement
u_1464,52,40912.60361123322,2,11,short_term
u_1465,69,87166.8315406792,7,1,retirement
u_1466,39,32632.698178225444,1,15,education
u_1467,61,71341.55963446411,5,26,retirement
u_1468,41,62274.098292215545,9,19,education
u_1469,34,61977.193130071566,7,4,education
u_1470,27,74384.70737538268,7,11,wealth_creation
u_1471,47,59745.93346829517,2,5,retirement
u_1472,63,125703.76731614459,8,3,retirement
u_1473,40,76285.8294894949,3,13,retirement
u_1474,49,59589.101699445586,8,10,short_term
u_1475,34,108528.22008770719,3,11,wealth_creation
u_1476,67,66588.82155537125,10,18,wealth_creation
u_1477,68,37205.16127983137,7,2,wealth_creation
u_1478,34,31602.587978186813,2,7,short_term
u_1479,31,28263.06288062573,4,9,retirement
u_1480,26,134857.6002223192,6,10,retirement
u_1481,57,81917.0735641601,9,18,retirement
u_1482,19,158532.28109558456,5,23,wealth_creation
u_1483,62,66227.7147774754,9,7,wealth_creation
u_1484,42,52065.78529288686,5,27,education
u_1485,56,23078.692085735107,10,7,short_term
u_1486,26,75682.58299165193,8,3,short_term
u_1487,39,63638.669824728786,1,12,wealth_creation
u_1488,60,251314.04071410574,7,7,education
u_1489,63,33666.52932465145,4,17,retirement
u_1490,21,57829.63286167888,5,26,wealth_creation
u_1491,43,72628.05576530762,6,1,short_term
u_1492,46,71724.32658343886,5,5,short_term
u_1493,62,61196.237615711754,1,16,short_term
u_1494,51,95013.03679868153,9,15,retirement
u_1495,40,31469.47643959007,2,2,short_term
u_1496,54,84663.37572041195,9,9,retirement
u_1497,28,68344.28869339725,10,7,retirement
u_1498,23,133204.34347837986,2,4,retirement
u_1499,35,113929.45045763359,9,20,wealth_creation
u_1500,38,38927.5559714849,6,18,retirement
u_1501,59,36164.586863029195,9,21,education
u_1502,53,219915.3428630956,6,4,short_term
u_1503,58,57461.034194495376,6,28,wealth_creation
u_1504,55,138447.4447014613,2,13,short_term
u_1505,51,28949.217998567463,8,1,retirement
u_1506,34,71475.61921749321,3,28,wealth_creation
u_1507,54,102999.78107170077,7,24,education
u_1508,42,167247.44256358116,5,3,retirement
u_1509,55,40574.672682550954,3,16,short_term
u_1510,29,84545.78553281448,1,22,education
u_1511,40,58697.58489613258,8,4,retirement
u_1512,59,23127.234896448703,3,25,education
u_1513,39,78559.10670563995,2,23,retirement
u_1514,38,78574.72541044714,1,25,wealth_creation
u_1515,44,153398.32344103022,4,16,retirement
u_1516,48,54389.32336156948,8,26,wealth_creation
u_1517,23,33084.53441472666,3,19,retirement
u_1518,44,22279.36566987044,1,1,retirement
u_1519,57,46862.08948716412,4,5,short_term
u_1520,51,37970.842123857044,9,19,education
u_1521,29,91583.06382985477,1,22,education
u_1522,62,41868.51788924936,2,24,education
u_1523,24,168866.3313877826,9,11,retirement
u_1524,27,183918.29287187642,2,13,retirement
u_1525,62,68498.89581099484,3,20,retirement
u_1526,34,152015.1061128305,7,5,wealth_creation
u_1527,43,91534.1237752102,3,21,wealth_creation
u_1528,38,59577.66790843075,9,4,short_term
u_1529,45,29941.327012832568,6,4,retirement
u_1530,63,50679.65516746527,3,4,education
u_1531,19,61148.497316812194,9,4,education
u_1532,60,119740.89692723284,1,20,short_term
u_1533,18,52824.697310344854,10,21,education
u_1534,68,133979.90288807754,3,18,short_term
u_1535,53,76096.44793993919,1,18,retirement
u_1536,68,27366.975110704865,2,16,education
u_1537,43,284729.9078205486,8,9,retirement
u_1538,46,57457.59473525457,7,18,wealth_creation
u_1539,38,44867.367952738925,2,22,education
u_1540,28,73810.32387537204,2,2,wealth_creation
u_1541,57,25764.55606421298,9,21,education
u_1542,28,70604.11530509545,6,4,retirement
u_1543,53,54481.26951740922,5,12,short_term
u_1544,66,46100.57009838314,10,7,retirement
u_1545,56,172901.68752790903,6,15,retirement
u_1546,57,56963.71494614533,9,7,retirement
u_1547,52,32366.52811567342,7,29,education
u_1548,51,50713.42483209882,10,22,short_term
u_1549,64,145905.01854340264,10,26,wealth_creation
u_1550,41,29685.03095253084,9,21,retirement
u_1551,39,32037.19149445869,4,17,education
u_1552,22,20655.759859903705,2,16,wealth_creation
u_1553,50,20714.584541182423,8,28,retirement
u_1554,53,108419.22825835572,4,19,wealth_creation
u_1555,64,85861.29456854641,9,9,retirement
u_1556,37,41928.430881310895,4,14,wealth_creation
u_1557,36,79917.95573496973,8,17,wealth_creation
u_1558,52,45143.36264788812,9,5,short_term
u_1559,69,172770.7127374782,9,2,short_term
u_1560,60,190642.26999901969,10,20,retirement
u_1561,34,44944.34011549402,4,16,education
u_1562,62,116283.48599738121,1,14,short_term
u_1563,60,94159.87963131932,3,14,wealth_creation
u_1564,51,38553.179516772914,9,27,short_term
u_1565,26,33200.87038637923,4,1,short_term
u_1566,43,50646.11527948628,5,3,retirement
u_1567,19,96013.88493324247,7,26,short_term
u_1568,26,181153.96325883392,5,7,short_term
u_1569,26,92107.07280980908,4,26,wealth_creation
u_1570,57,116622.50196356018,2,15,short_term
u_1571,34,66199.0495846774,2,19,wealth_creation
u_1572,18,110214.22834267159,4,20,short_term
u_1573,42,96721.35943067317,10,2,short_term
u_1574,60,43659.27766415178,10,19,education
u_1575,57,60147.0199874742,9,9,short_term
u_1576,59,101674.52400470607,8,19,wealth_creation
u_1577,42,22357.553955152103,3,27,wealth_creation
u_1578,56,102533.64605848,9,5,retirement
u_1579,52,29793.939552843498,5,18,retirement
u_1580,20,56147.71324455506,3,16,education
u_1581,67,102584.77589857049,5,4,wealth_creation
u_1582,54,34639.49329613841,10,12,wealth_creation
u_1583,61,34105.37790219548,4,29,wealth_creation
u_1584,61,45772.18004992964,8,7,education
u_1585,68,132519.9387229405,5,14,wealth_creation
u_1586,47,20022.14397469273,10,23,retirement
u_1587,55,135825.62992074207,8,12,education
u_1588,51,28350.392106349806,9,3,retirement
u_1589,29,250692.2656537496,4,5,retirement
u_1590,36,174884.92009836523,7,17,education
u_1591,54,54127.69337679864,2,26,short_term
u_1592,61,55945.84405085694,6,10,short_term
u_1593,66,52845.52077426852,8,10,retirement
u_1594,34,70453.70661198921,7,11,short_term
u_1595,27,24755.20367520559,7,17,wealth_creation
u_1596,66,21658.088597022022,8,5,education
u_1597,64,22971.734575314647,7,13,retirement
u_1598,29,49382.215183534296,5,10,wealth_creation
u_1599,33,36116.98440527919,7,9,short_term
u_1600,41,68648.28755985812,10,17,wealth_creation
u_1601,36,264259.34810019354,3,1,short_term
u_1602,25,44414.34149581022,5,4,retirement
u_1603,48,62647.1679589877,7,4,wealth_creation
u_1604,38,46858.813281795854,9,18,education
u_1605,34,113954.72709359114,2,9,retirement
u_1606,40,136260.14973870048,4,25,wealth_creation
u_1607,54,124923.31336074916,7,29,wealth_creation
u_1608,33,203203.95442354467,1,29,short_term
u_1609,23,21395.24656674705,2,18,retirement
u_1610,25,111571.65683688936,9,14,retirement
u_1611,42,89670.41487119545,10,25,retirement
u_1612,35,32983.531389340205,7,15,retirement
u_1613,42,176543.354277031,10,6,short_term
u_1614,29,28018.880495636255,7,24,education
u_1615,32,76901.43968225767,6,10,retirement
u_1616,43,32737.53019698056,3,29,short_term
u_1617,58,48227.20236175453,10,15,education
u_1618,62,83498.4899939454,3,29,education
u_1619,43,61428.26239560059,2,4,short_term
u_1620,64,47887.28711926273,6,18,retirement
u_1621,49,39751.37086101565,4,18,education
u_1622,27,111522.82855562487,5,25,retirement
u_1623,33,27763.40229411082,3,17,retirement
u_1624,24,48114.97097914721,6,12,wealth_creation
u_1625,34,137044.24883512006,3,7,retirement
u_1626,40,113491.31042018074,8,16,wealth_creation
u_1627,43,45619.82305033963,9,11,education
u_1628,38,92007.62363969797,4,14,short_term
u_1629,39,106625.7303775931,9,3,wealth_creation
u_1630,24,129860.56967278974,7,19,short_term
u_1631,31,59318.611383673895,3,18,education
u_1632,32,31436.763170288767,7,10,retirement
u_1633,24,34739.300723727036,1,6,education
u_1634,26,37527.165760001044,3,13,short_term
u_1635,68,65045.78686072311,6,10,education
u_1636,65,21667.99651181195,4,18,retirement
u_1637,25,70535.90453122996,7,26,education
u_1638,67,42655.692473649586,3,20,retirement
u_1639,40,37495.0258628273,1,26,wealth_creation
u_1640,46,125803.85338843102,9,16,short_term
u_1641,35,50809.5287847198,6,25,retirement
u_1642,48,24993.94754241745,8,25,retirement
u_1643,47,107650.04930574846,3,6,education
u_1644,69,22440.674237484327,8,13,wealth_creation
u_1645,56,84868.26563274254,2,4,retirement
u_1646,52,94340.27089297597,4,23,wealth_creation
u_1647,35,41739.74813601517,3,14,wealth_creation
u_1648,59,107087.8894699481,10,1,education
u_1649,56,56248.34564214797,1,28,retirement
u_1650,34,51115.208720200884,7,20,education
u_1651,31,22323.31559744626,10,5,short_term
u_1652,48,37126.571380374844,2,8,short_term
u_1653,41,153689.66452054353,4,12,retirement
u_1654,52,44864.54524248401,9,2,wealth_creation
u_1655,61,59560.11347037104,6,12,retirement
u_1656,62,57966.66533766692,8,5,retirement
u_1657,51,64632.505551252194,2,22,short_term
u_1658,20,23164.615866252087,7,5,short_term
u_1659,54,42484.66476222906,6,13,wealth_creation
u_1660,60,84210.0481329581,9,9,wealth_creation
u_1661,57,31192.20552448619,7,10,retirement
u_1662,43,31381.32784587567,1,1,education
u_1663,40,20507.09309749963,8,3,retirement
u_1664,61,48766.60074727203,10,18,wealth_creation
u_1665,56,127165.68333275976,3,12,education
u_1666,32,22664.81461494992,2,29,short_term
u_1667,66,30605.155438972026,3,3,wealth_creation
u_1668,21,38559.31041171326,6,26,wealth_creation
u_1669,46,85787.08616038416,3,25,education
u_1670,39,71170.91717447627,10,29,wealth_creation
u_1671,42,46887.91234842936,5,9,wealth_creation
u_1672,30,91162.22207135144,6,26,wealth_creation
u_1673,35,67033.14315974731,8,2,wealth_creation
u_1674,50,133187.83806043013,7,3,wealth_creation
u_1675,33,105194.7787998248,8,14,wealth_creation
u_1676,62,34572.03008337264,3,4,wealth_creation
u_1677,59,35834.16717135357,4,25,wealth_creation
u_1678,61,26696.943827020077,6,19,short_term
u_1679,19,40546.354308274545,7,13,wealth_creation
u_1680,52,404641.9758366959,9,7,short_term
u_1681,59,46022.85696407613,1,12,short_term
u_1682,51,32454.387688096103,8,3,retirement
u_1683,47,91875.77963689662,8,23,retirement
u_1684,30,59095.750793275976,6,23,short_term
u_1685,30,28102.507823977467,4,9,short_term
u_1686,35,43957.44045379787,3,2,wealth_creation
u_1687,49,46761.8686590914,3,29,retirement
u_1688,49,90086.58542260478,6,22,education
u_1689,52,21044.400619163272,8,9,retirement
u_1690,56,35668.43480993084,7,12,short_term
u_1691,63,56448.698317108705,1,12,short_term
u_1692,69,35656.60932797748,6,15,wealth_creation
u_1693,46,69501.44500401609,7,2,wealth_creation
u_1694,66,52876.211896288594,7,18,retirement
u_1695,46,42448.14763711533,9,13,wealth_creation
u_1696,61,169001.43795522358,10,14,education
u_1697,33,70005.29282349355,5,5,education
u_1698,61,26959.734070311075,1,26,wealth_creation
u_1699,64,61059.44885346279,2,10,education
u_1700,27,95872.99417710642,4,12,education
u_1701,47,81633.99653691298,5,10,retirement
u_1702,42,29442.49476266365,9,24,education
u_1703,56,199533.21859064486,1,11,short_term
u_1704,37,49784.11580117349,3,25,short_term
u_1705,22,28659.667520730633,5,2,retirement
u_1706,18,29934.48458848002,3,5,wealth_creation
u_1707,47,25170.065817643674,4,7,retirement
u_1708,66,101359.25034022526,3,6,wealth_creation
u_1709,20,26507.170876201748,4,22,wealth_creation
u_1710,62,26683.727694537352,1,23,wealth_creation
u_1711,31,115013.45181767628,8,3,wealth_creation
u_1712,47,41125.78873644231,4,13,wealth_creation
u_1713,67,21567.201813062995,7,3,retirement
u_1714,21,22664.516963978727,2,26,wealth_creation
u_1715,35,27667.492753045215,2,25,education
u_1716,54,32001.348117020556,6,24,education
u_1717,42,74703.06215596158,2,21,wealth_creation
u_1718,65,28558.772108376703,6,6,education
u_1719,18,26327.75439637152,2,11,short_term
u_1720,63,92348.76678991523,4,28,retirement
u_1721,32,75593.27891923879,7,26,retirement
u_1722,26,48575.17779151861,8,17,wealth_creation
u_1723,32,59848.75150976503,3,10,wealth_creation
u_1724,66,38697.160752438926,9,12,short_term
u_1725,41,52937.328294597435,2,17,wealth_creation
u_1726,21,55329.11636409935,8,4,education
u_1727,29,44488.87417592576,8,2,short_term
u_1728,54,138528.32238620328,4,11,education
u_1729,54,20809.612741099958,1,7,retirement
u_1730,60,96202.3067728503,1,2,education
u_1731,23,26641.31527663289,2,26,retirement
u_1732,56,99862.4649492797,9,18,education
u_1733,63,67844.16832204384,2,21,retirement
u_1734,41,112664.11620272833,2,4,wealth_creation
u_1735,28,25130.1231093698,6,8,education
u_1736,30,60933.32454467554,7,20,retirement
u_1737,51,54766.26557450918,7,14,education
u_1738,42,81241.6406263871,9,12,short_term
u_1739,24,58209.66706162027,6,22,wealth_creation
u_1740,69,58906.347547546546,8,21,retirement
u_1741,21,48070.514918233705,6,27,short_term
u_1742,25,38468.79329919377,2,18,education
u_1743,37,52914.52584516,1,11,short_term
u_1744,46,26306.08043699048,5,29,education
u_1745,68,182872.178240755,9,28,wealth_creation
u_1746,62,82660.03684975553,8,8,short_term
u_1747,63,172316.67636005627,4,2,wealth_creation
u_1748,27,32856.1808852832,5,25,retirement
u_1749,60,125739.35304870018,5,15,education
u_1750,51,102719.14488734315,6,9,education
u_1751,43,76528.74661584655,3,19,wealth_creation
u_1752,58,69045.35428005761,5,20,wealth_creation
u_1753,66,39030.06443076582,2,8,retirement
u_1754,20,104752.72720803527,10,25,short_term
u_1755,23,54809.13530343702,1,19,education
u_1756,22,23676.49182100439,1,5,education
u_1757,22,38761.09114886118,10,11,retirement
u_1758,64,156897.4616870432,7,15,retirement
u_1759,40,115083.26851074219,2,8,wealth_creation
u_1760,66,220607.9100566107,4,19,wealth_creation
u_1761,26,69442.18180842733,5,23,short_term
u_1762,52,34218.383434090414,7,27,retirement
u_1763,37,28885.513238726122,2,8,short_term
u_1764,66,30345.946793379462,6,26,retirement
u_1765,59,20999.71085812728,1,27,education
u_1766,52,44770.75811071925,7,19,retirement
u_1767,67,30624.257749256965,9,18,retirement
u_1768,35,46522.12755409366,5,10,education
u_1769,34,156664.11743682294,5,29,retirement
u_1770,41,48153.35517583821,4,7,short_term
u_1771,20,125180.35842136438,3,28,wealth_creation
u_1772,49,66507.41107228486,9,9,wealth_creation
u_1773,52,34193.238691550156,5,1,short_term
u_1774,55,41991.55246025223,8,19,education
u_1775,30,24382.55375881352,9,5,retirement
u_1776,64,40282.95086506763,5,19,short_term
u_1777,42,76588.95568042123,10,1,wealth_creation
u_1778,26,23742.163278522894,9,15,wealth_creation
u_1779,21,31495.910408277094,2,16,short_term
u_1780,31,44018.13832863979,9,23,wealth_creation
u_1781,54,221006.9685698947,4,7,short_term
u_1782,51,96823.73866875759,6,26,wealth_creation
u_1783,28,86116.56524379368,6,12,short_term
u_1784,58,26175.71269239856,6,8,retirement
u_1785,20,95933.23993624747,2,5,retirement
u_1786,45,96918.41596176337,7,10,retirement
u_1787,46,65952.56388689758,6,28,retirement
u_1788,26,252100.95210251468,1,21,wealth_creation
u_1789,20,39670.9407899816,2,5,education
u_1790,42,161742.31483547267,7,17,short_term
u_1791,51,143097.283095737,1,26,education
u_1792,29,20577.353565592686,1,5,wealth_creation
u_1793,59,49902.444476014876,1,22,wealth_creation
u_1794,26,208840.16174611924,8,15,education
u_1795,32,25441.736209537663,4,13,education
u_1796,57,59679.8436351905,4,28,wealth_creation
u_1797,42,213060.57057460374,2,1,wealth_creation
u_1798,22,60539.746480308015,1,11,short_term
u_1799,28,30524.65181432325,10,23,retirement
u_1800,51,63635.61460322066,9,1,retirement
u_1801,41,31435.486561414116,7,11,short_term
u_1802,32,56667.662291687215,4,18,education
u_1803,55,23846.331853664535,6,18,wealth_creation
u_1804,25,66504.6104322848,2,21,education
u_1805,22,56365.19056187804,7,26,retirement
u_1806,65,87384.72448657655,2,16,retirement
u_1807,43,69807.36164701304,10,13,education
u_1808,35,59881.65599752852,8,7,retirement
u_1809,23,78523.49231610524,8,1,wealth_creation
u_1810,54,27770.852358313874,1,26,short_term
u_1811,65,65237.83294590985,8,16,education
u_1812,30,29443.785590381514,2,1,wealth_creation
u_1813,45,149862.71450032108,6,17,wealth_creation
u_1814,22,23539.050508021428,1,6,retirement
u_1815,30,48138.829498506515,5,2,wealth_creation
u_1816,34,79503.08037301851,7,17,education
u_1817,67,50626.51296599896,10,6,wealth_creation
u_1818,57,24830.7905162611,1,14,short_term
u_1819,62,60302.24774231319,2,18,wealth_creation
u_1820,49,71309.73165856049,7,6,wealth_creation
u_1821,46,80834.72093208514,6,10,short_term
u_1822,68,43361.16006803661,3,24,wealth_creation
u_1823,20,61466.672831112235,10,18,wealth_creation
u_1824,57,49954.29582894917,2,27,retirement
u_1825,51,75745.62675244617,10,9,education
u_1826,57,63800.2801510025,4,8,retirement
u_1827,44,57301.68923844224,3,28,education
u_1828,30,34352.40479541916,7,10,short_term
u_1829,62,20101.02788503832,8,17,short_term
u_1830,50,29562.969543623578,2,23,short_term
u_1831,23,26225.24366375484,10,29,education
u_1832,41,49808.71419278595,7,26,education
u_1833,36,67370.77489044119,8,6,education
u_1834,33,31981.752625841065,6,14,short_term
u_1835,57,159890.892629597,6,22,education
u_1836,45,20335.227730236307,10,22,wealth_creation
u_1837,50,93986.53821341001,1,6,retirement
u_1838,65,69068.7727116819,4,26,short_term
u_1839,58,43384.69901079977,1,7,retirement
u_1840,30,22590.405260437732,4,12,wealth_creation
u_1841,60,69374.10964555027,2,3,education
u_1842,62,44356.55454934848,5,14,retirement
u_1843,42,157652.74923159432,10,22,wealth_creation
u_1844,59,59043.22122781962,9,19,wealth_creation
u_1845,53,160380.96869490543,10,23,retirement
u_1846,44,32454.08357449506,3,16,short_term
u_1847,55,84681.36727247696,8,7,retirement
u_1848,24,68018.5343123515,3,8,short_term
u_1849,22,87240.00975548767,6,18,education
u_1850,60,32082.427373147904,4,25,short_term
u_1851,62,74680.41889257835,8,13,education
u_1852,68,54461.78133922705,6,21,retirement
u_1853,48,87899.91971953485,8,9,education
u_1854,40,39803.81437865659,1,10,wealth_creation
u_1855,59,130389.67304664217,6,21,education
u_1856,27,24403.395725244853,1,23,short_term
u_1857,49,102302.32489397988,1,27,short_term
u_1858,60,118779.17299897657,8,9,short_term
u_1859,47,104982.4414065148,7,15,education
u_1860,56,55946.47474481515,3,20,short_term
u_1861,48,48846.934083435255,6,2,short_term
u_1862,35,299464.0612403317,9,25,wealth_creation
u_1863,53,33014.49769581748,7,13,education
u_1864,19,59579.46924819909,3,2,wealth_creation
u_1865,31,75535.58845991743,6,19,short_term
u_1866,30,80343.45570614285,4,26,short_term
u_1867,46,31409.35403633158,3,2,short_term
u_1868,29,73064.97149538752,9,3,education
u_1869,56,105289.06207003134,10,6,retirement
u_1870,19,22565.64245636412,2,3,short_term
u_1871,49,141249.66792318193,1,10,short_term
u_1872,30,21497.402739502548,2,24,short_term
u_1873,63,42000.57866406487,7,27,short_term
u_1874,44,20796.977936039224,10,6,education
u_1875,66,24014.16679366967,1,23,retirement
u_1876,58,141050.57719367533,6,16,retirement
u_1877,34,41914.46095877598,7,17,retirement
u_1878,57,47649.39893557843,9,19,short_term
u_1879,48,32125.51799279677,8,3,short_term
u_1880,51,65452.819421014276,6,18,retirement
u_1881,41,65169.12200986484,3,7,retirement
u_1882,62,43276.712934937634,8,9,short_term
u_1883,52,40250.8758000278,7,20,short_term
u_1884,65,128125.64175623289,3,12,wealth_creation
u_1885,23,44167.352067783504,9,5,wealth_creation
u_1886,36,54011.645706958196,2,3,wealth_creation
u_1887,47,36655.22904696818,3,11,retirement
u_1888,24,97269.07772525317,2,25,education
u_1889,27,45329.07853393075,1,4,short_term
u_1890,58,56037.33297055551,4,5,wealth_creation
u_1891,49,34608.417374889774,5,1,education
u_1892,51,239743.81127477981,6,27,short_term
u_1893,45,37229.96042351748,5,28,education
u_1894,32,93645.4793905819,1,29,retirement
u_1895,47,47886.74729762446,3,18,retirement
u_1896,54,31547.28325787157,1,12,retirement
u_1897,46,100401.63600019463,5,13,wealth_creation
u_1898,39,40293.768790000526,5,9,short_term
u_1899,21,120195.68650366986,6,2,retirement
u_1900,37,143406.71570534198,8,5,wealth_creation
u_1901,49,118242.76643792407,10,13,wealth_creation
u_1902,53,21781.768977456206,1,16,wealth_creation
u_1903,67,97410.87223318715,4,16,wealth_creation
u_1904,21,46495.28026410422,10,24,retirement
u_1905,44,123463.83701104973,1,3,wealth_creation
u_1906,34,70799.23644813085,9,22,retirement
u_1907,29,109681.00019066875,7,4,retirement
u_1908,39,54600.56827878695,7,11,wealth_creation
u_1909,34,58288.636174943786,5,23,retirement
u_1910,27,27796.892334080974,7,26,short_term
u_1911,18,96620.91742120757,2,14,short_term
u_1912,39,47183.76675710248,4,29,education
u_1913,43,54665.37149711785,7,3,short_term
u_1914,35,96878.59191648939,3,16,retirement
u_1915,67,65670.41950069807,2,22,retirement
u_1916,31,31225.895230426213,10,15,short_term
u_1917,64,64608.287084727424,2,28,wealth_creation
u_1918,46,46181.43319969287,1,10,wealth_creation
u_1919,29,51699.17346004966,5,9,retirement
u_1920,53,21435.988348242732,6,11,wealth_creation
u_1921,52,31787.97427488142,6,16,education
u_1922,69,36497.34435161794,9,10,education
u_1923,29,82406.68637452443,4,17,short_term
u_1924,24,20577.95110672554,1,19,short_term
u_1925,46,46278.12240130533,6,2,wealth_creation
u_1926,28,148868.77797227906,5,24,retirement
u_1927,50,25932.45521016329,10,23,short_term
u_1928,23,56327.37960363695,6,2,education
u_1929,64,97211.16436817037,3,6,short_term
u_1930,32,162825.74790359318,2,19,short_term
u_1931,49,88674.16660213046,6,8,education
u_1932,68,83749.37674902318,1,26,retirement
u_1933,28,107575.45187731575,7,29,short_term
u_1934,40,49547.69364871102,7,3,short_term
u_1935,43,101954.8031296163,10,26,short_term
u_1936,51,20399.814501398287,7,14,wealth_creation
u_1937,63,149221.58151865477,10,25,short_term
u_1938,51,49287.02384521428,1,16,education
u_1939,46,60302.37892071945,4,1,retirement
u_1940,21,34710.65089720837,7,21,retirement
u_1941,34,87842.76526168788,9,3,education
u_1942,52,23986.57732187008,5,22,wealth_creation
u_1943,30,123035.23000196741,2,26,education
u_1944,58,108047.0135682287,7,18,retirement
u_1945,56,32171.147022766785,10,9,education
u_1946,32,102859.0857614106,1,6,wealth_creation
u_1947,46,97172.61562729505,7,23,retirement
u_1948,46,70013.0547474018,6,21,wealth_creation
u_1949,28,43381.93554551703,7,25,education
u_1950,69,35838.29716171128,10,1,short_term
u_1951,49,33184.190102528184,3,21,education
u_1952,19,39180.946364792704,3,27,wealth_creation
u_1953,64,136940.90427655866,7,10,education
u_1954,31,24041.025870514855,2,27,short_term
u_1955,37,108266.96176092548,1,6,wealth_creation
u_1956,39,41453.83977427733,9,23,education
u_1957,28,56865.3406914224,9,12,wealth_creation
u_1958,44,99111.96691181495,7,4,wealth_creation
u_1959,20,127870.82314485931,7,28,retirement
u_1960,34,41139.31946014338,3,13,retirement
u_1961,61,50980.291706673466,10,17,wealth_creation
u_1962,45,46765.826704749226,2,27,education
u_1963,46,20666.98059107237,7,8,education
u_1964,38,37544.79011670666,9,26,education
u_1965,64,50734.29232063216,1,20,short_term
u_1966,33,46474.4018225366,4,3,wealth_creation
u_1967,54,83993.98102045344,6,12,wealth_creation
u_1968,37,44290.687027810294,7,7,short_term
u_1969,23,53606.13255066777,10,12,wealth_creation
u_1970,36,48071.62366705811,7,2,wealth_creation
u_1971,22,87474.24087396282,10,24,short_term
u_1972,20,119378.64530986821,2,14,retirement
u_1973,18,57952.50002396883,4,22,wealth_creation
u_1974,55,97897.37799454707,5,23,short_term
u_1975,32,37604.74968416801,1,5,education
u_1976,51,58975.53220987689,1,9,retirement
u_1977,52,41173.5589646599,10,21,education
u_1978,66,46738.921230155946,3,11,wealth_creation
u_1979,42,85915.68818884353,10,5,retirement
u_1980,41,126710.72091156882,3,3,short_term
u_1981,29,26476.706251292533,8,27,wealth_creation
u_1982,35,70343.50375468627,9,17,short_term
u_1983,32,63630.89714596195,1,2,retirement
u_1984,61,26301.69498426791,2,24,education
u_1985,33,31906.154984419532,10,1,wealth_creation
u_1986,44,38625.8814388591,2,7,wealth_creation
u_1987,25,29131.944606024277,4,14,short_term
u_1988,63,33967.806972939376,2,5,retirement
u_1989,42,35571.47784637356,7,19,short_term
u_1990,34,40449.10174049123,9,28,retirement
u_1991,46,89192.95699420797,7,28,wealth_creation
u_1992,25,62421.34866233404,6,11,retirement
u_1993,32,234323.7222129206,10,23,wealth_creation
u_1994,44,46784.597792374116,1,25,retirement
u_1995,63,90093.77065362172,10,2,education
u_1996,67,122579.03283977142,9,8,retirement
u_1997,69,76812.35791075119,5,9,education
u_1998,24,46539.91621167678,5,27,retirement
u_1999,20,90038.86283778072,6,3,retirement
